-- phpMyAdmin SQL Dump
-- version 4.0.10deb1
-- http://www.phpmyadmin.net
--
-- Host: localhost
-- Generation Time: Dec 07, 2015 at 10:33 AM
-- Server version: 5.5.46-0ubuntu0.14.04.2
-- PHP Version: 5.5.9-1ubuntu4.14

SET SQL_MODE = "NO_AUTO_VALUE_ON_ZERO";
SET time_zone = "+00:00";


/*!40101 SET @OLD_CHARACTER_SET_CLIENT=@@CHARACTER_SET_CLIENT */;
/*!40101 SET @OLD_CHARACTER_SET_RESULTS=@@CHARACTER_SET_RESULTS */;
/*!40101 SET @OLD_COLLATION_CONNECTION=@@COLLATION_CONNECTION */;
/*!40101 SET NAMES utf8 */;

--
-- Database: `eat2fat`
--

-- --------------------------------------------------------

--
-- Table structure for table `tb_action_log`
--

CREATE TABLE IF NOT EXISTS `tb_action_log` (
  `actionCode` varchar(3) COLLATE utf8_unicode_ci NOT NULL,
  `actionName` varchar(16) COLLATE utf8_unicode_ci NOT NULL,
  PRIMARY KEY (`actionCode`)
) ENGINE=InnoDB DEFAULT CHARSET=utf8 COLLATE=utf8_unicode_ci;

--
-- Dumping data for table `tb_action_log`
--

INSERT INTO `tb_action_log` (`actionCode`, `actionName`) VALUES
('A01', 'Register'),
('A02', 'Login'),
('A03', 'Logout'),
('A04', 'Cook'),
('A05', 'Eat'),
('A06', 'Buy'),
('A07', 'Sell'),
('A08', 'Add'),
('A09', 'Edit'),
('A10', 'Delete'),
('A11', 'Receive');

-- --------------------------------------------------------

--
-- Table structure for table `tb_admin_log`
--

CREATE TABLE IF NOT EXISTS `tb_admin_log` (
  `adminLogNo` bigint(20) unsigned NOT NULL,
  `adminID` varchar(16) COLLATE utf8_unicode_ci NOT NULL,
  `dateTime` timestamp NOT NULL DEFAULT CURRENT_TIMESTAMP,
  `actionCode` varchar(3) COLLATE utf8_unicode_ci NOT NULL,
  `description` varchar(256) COLLATE utf8_unicode_ci DEFAULT NULL,
  PRIMARY KEY (`adminLogNo`),
  KEY `adminID` (`adminID`),
  KEY `actionCode` (`actionCode`)
) ENGINE=InnoDB DEFAULT CHARSET=utf8 COLLATE=utf8_unicode_ci;

--
-- Dumping data for table `tb_admin_log`
--

INSERT INTO `tb_admin_log` (`adminLogNo`, `adminID`, `dateTime`, `actionCode`, `description`) VALUES
(1, 'admin', '2015-12-04 20:50:52', 'A02', NULL),
(2, 'admin', '2015-12-04 20:51:07', 'A03', NULL),
(3, 'admin', '2015-12-04 21:14:08', 'A02', NULL),
(4, 'admin', '2015-12-04 21:14:14', 'A03', NULL),
(5, 'admin', '2015-12-05 04:27:07', 'A02', NULL),
(6, 'admin', '2015-12-05 04:27:45', 'A03', NULL),
(7, 'admin', '2015-12-05 04:27:54', 'A02', NULL),
(8, 'admin', '2015-12-05 04:58:07', 'A03', NULL),
(9, 'admin', '2015-12-05 04:58:15', 'A02', NULL),
(10, 'admin', '2015-12-05 04:58:40', 'A03', NULL),
(11, 'admin', '2015-12-05 05:00:40', 'A02', NULL),
(12, 'admin', '2015-12-05 05:03:37', 'A03', NULL),
(13, 'admin', '2015-12-05 05:05:51', 'A02', NULL),
(14, 'admin', '2015-12-05 05:06:09', 'A03', NULL),
(15, 'admin', '2015-12-05 05:17:00', 'A02', NULL),
(16, 'admin', '2015-12-05 05:17:15', 'A09', 'Change to GCM'),
(17, 'admin', '2015-12-05 05:17:42', 'A03', NULL),
(18, 'admin', '2015-12-05 05:42:33', 'A02', NULL),
(19, 'admin', '2015-12-05 06:26:44', 'A03', NULL),
(20, 'admin', '2015-12-05 08:02:21', 'A02', NULL),
(21, 'admin', '2015-12-05 08:03:38', 'A03', NULL),
(22, 'admin', '2015-12-05 08:23:59', 'A02', NULL),
(23, 'admin', '2015-12-05 08:27:33', 'A02', NULL),
(24, 'admin', '2015-12-05 08:33:03', 'A03', NULL),
(25, 'admin', '2015-12-05 08:33:15', 'A03', NULL),
(26, 'admin', '2015-12-05 12:39:27', 'A02', NULL),
(27, 'admin', '2015-12-05 12:39:49', 'A09', 'Change to Admin'),
(28, 'admin', '2015-12-05 12:39:54', 'A09', 'Change to GCM'),
(29, 'admin', '2015-12-05 12:43:48', 'A03', NULL),
(30, 'admin', '2015-12-05 14:02:09', 'A02', NULL),
(31, 'admin', '2015-12-05 14:02:47', 'A03', NULL),
(32, 'admin', '2015-12-05 14:03:33', 'A02', NULL),
(33, 'admin', '2015-12-05 14:03:45', 'A10', 'dddddddd'),
(34, 'admin', '2015-12-05 14:04:11', 'A03', NULL),
(35, 'admin', '2015-12-05 14:23:20', 'A02', NULL),
(36, 'admin', '2015-12-05 14:23:28', 'A09', 'Change to GCM'),
(37, 'admin', '2015-12-05 14:23:34', 'A09', 'Change to Player'),
(38, 'admin', '2015-12-05 14:23:39', 'A03', NULL),
(39, 'admin', '2015-12-05 14:24:00', 'A02', NULL),
(40, 'admin', '2015-12-05 14:24:14', 'A09', 'Change to GCM'),
(41, 'admin', '2015-12-05 14:24:18', 'A09', 'Change to Player'),
(42, 'admin', '2015-12-05 14:24:20', 'A03', NULL),
(43, 'admin', '2015-12-05 14:33:38', 'A02', NULL),
(44, 'admin', '2015-12-05 14:33:54', 'A03', NULL),
(45, 'admin', '2015-12-05 15:05:57', 'A02', NULL),
(46, 'admin', '2015-12-05 15:06:13', 'A03', NULL),
(47, 'admin', '2015-12-05 17:35:09', 'A02', NULL),
(48, 'admin', '2015-12-05 17:36:42', 'A03', NULL),
(49, 'Admin', '2015-12-05 21:40:51', 'A02', NULL),
(50, 'admin', '2015-12-05 21:51:19', 'A02', NULL),
(51, 'admin', '2015-12-05 21:55:22', 'A03', NULL),
(52, 'admin', '2015-12-05 21:56:04', 'A02', NULL),
(53, 'admin', '2015-12-05 22:31:30', 'A02', NULL),
(54, 'admin', '2015-12-05 22:33:10', 'A03', NULL),
(55, 'admin', '2015-12-05 22:33:18', 'A02', NULL),
(56, 'admin', '2015-12-05 22:41:25', 'A03', NULL),
(57, 'admin', '2015-12-05 22:54:17', 'A02', NULL),
(58, 'admin', '2015-12-05 22:54:25', 'A03', NULL),
(59, 'admin', '2015-12-05 23:04:34', 'A02', NULL),
(60, 'admin', '2015-12-05 23:04:39', 'A03', NULL),
(61, 'admin', '2015-12-06 04:56:25', 'A02', NULL),
(62, 'admin', '2015-12-06 04:56:48', 'A10', 'testtest'),
(63, 'admin', '2015-12-06 04:57:27', 'A03', NULL),
(64, 'admin', '2015-12-06 05:25:40', 'A02', NULL),
(65, 'admin', '2015-12-06 05:26:31', 'A03', NULL),
(66, 'admin', '2015-12-06 09:51:53', 'A02', NULL),
(67, 'admin', '2015-12-06 09:55:03', 'A03', NULL),
(68, 'admin', '2015-12-06 09:57:11', 'A02', NULL),
(69, 'admin', '2015-12-06 09:58:59', 'A03', NULL),
(70, 'admin', '2015-12-06 09:59:23', 'A02', NULL),
(71, 'admin', '2015-12-06 09:59:50', 'A03', NULL),
(72, 'admin', '2015-12-06 10:04:24', 'A02', NULL),
(73, 'admin', '2015-12-06 10:07:36', 'A03', NULL),
(74, 'admin', '2015-12-06 10:11:32', 'A02', NULL),
(75, 'admin', '2015-12-06 10:12:14', 'A03', NULL),
(76, 'admin', '2015-12-06 10:12:26', 'A02', NULL),
(77, 'admin', '2015-12-06 10:12:32', 'A02', NULL),
(78, 'admin', '2015-12-06 10:12:37', 'A03', NULL),
(79, 'admin', '2015-12-06 10:13:59', 'A03', NULL),
(80, 'admin', '2015-12-06 13:04:16', 'A02', NULL),
(81, 'admin', '2015-12-06 13:05:11', 'A03', NULL),
(82, 'admin', '2015-12-06 13:46:41', 'A02', NULL),
(83, 'admin', '2015-12-06 13:47:07', 'A03', NULL),
(84, 'admin', '2015-12-06 14:04:17', 'A02', NULL),
(85, 'admin', '2015-12-06 14:13:13', 'A03', NULL),
(86, 'admin', '2015-12-06 23:55:17', 'A02', NULL),
(87, 'admin', '2015-12-06 23:57:04', 'A03', NULL),
(88, 'admin', '2015-12-07 03:19:48', 'A02', NULL),
(89, 'admin', '2015-12-07 03:22:44', 'A03', NULL);

-- --------------------------------------------------------

--
-- Table structure for table `tb_food`
--

CREATE TABLE IF NOT EXISTS `tb_food` (
  `foodID` varchar(5) COLLATE utf8_unicode_ci NOT NULL,
  `foodName` varchar(256) COLLATE utf8_unicode_ci NOT NULL,
  `foodDescription` varchar(512) COLLATE utf8_unicode_ci DEFAULT NULL,
  `levelIngredientID` varchar(3) COLLATE utf8_unicode_ci NOT NULL,
  `methodID` varchar(3) COLLATE utf8_unicode_ci DEFAULT NULL,
  `foodPrice` int(10) unsigned NOT NULL,
  `carbohydrate` float unsigned NOT NULL DEFAULT '0',
  `protein` float unsigned NOT NULL DEFAULT '0',
  `fat` float unsigned NOT NULL DEFAULT '0',
  `vitamin` float unsigned NOT NULL DEFAULT '0',
  `coolDown` float unsigned NOT NULL DEFAULT '0',
  `weightForUnlock` float unsigned NOT NULL,
  `maxQuantity` float unsigned NOT NULL,
  PRIMARY KEY (`foodID`),
  KEY `levelIngredientID` (`levelIngredientID`),
  KEY `methodID` (`methodID`)
) ENGINE=InnoDB DEFAULT CHARSET=utf8 COLLATE=utf8_unicode_ci;

--
-- Dumping data for table `tb_food`
--

INSERT INTO `tb_food` (`foodID`, `foodName`, `foodDescription`, `levelIngredientID`, `methodID`, `foodPrice`, `carbohydrate`, `protein`, `fat`, `vitamin`, `coolDown`, `weightForUnlock`, `maxQuantity`) VALUES
('F0001', 'à¸™à¹‰à¸³à¹€à¸›à¸¥à¹ˆà¸²', 'à¸™à¹‰à¸³à¹€à¸›à¸¥à¹ˆà¸²à¸—à¸µà¹ˆà¹ƒà¸ªà¸ªà¸°à¸­à¸²à¸”à¸žà¸£à¹‰à¸­à¸¡à¸”à¸·à¹ˆà¸¡', 'LI1', NULL, 1, 0, 0, 0, 0, 45, 0, 100),
('F0002', 'à¸‚à¹‰à¸²à¸§à¸ªà¸²à¸£', 'à¹€à¸¡à¸¥à¹‡à¸”à¸‚à¹‰à¸²à¸§à¸—à¸µà¹ˆà¸žà¸£à¹‰à¸­à¸¡à¸›à¸¥à¸¹à¸”', 'LI1', NULL, 10, 0.05, 0, 0, 0.001, 90, 0, 100),
('F0003', 'à¸‚à¹‰à¸²à¸§à¹‚à¸žà¸”', 'à¸‚à¹‰à¸²à¸§à¹‚à¸žà¸”à¸ªà¸”à¹ƒà¸«à¸¡à¹ˆà¸ˆà¸²à¸à¸ªà¸§à¸™', 'LI1', NULL, 5, 0.025, 0, 0, 0.001, 90, 0, 100),
('F0004', 'à¸œà¸±à¸à¹ƒà¸šà¹€à¸‚à¸µà¸¢à¸§', 'à¸œà¸±à¸à¸­à¸°à¹„à¸£à¸à¹‡à¹„à¸¡à¹ˆà¸£à¸¹à¹‰à¸‚à¸¶à¹‰à¸™à¹à¸–à¸§à¸šà¹‰à¸²à¸™', 'LI1', NULL, 5, 0, 0, 0, 0.02, 90, 0, 100),
('F0005', 'à¸‚à¹‰à¸²à¸§à¸ªà¸²à¸¥à¸µ', 'à¹€à¸¡à¸¥à¹‡à¸”à¸‚à¹‰à¸²à¸§à¸ªà¸²à¸¥à¸µà¸ˆà¸²à¸à¸˜à¸£à¸£à¸¡à¸Šà¸²à¸•à¸´', 'LI1', NULL, 10, 0.03, 0.01, 0, 0.005, 90, 0, 100),
('F0006', 'à¸™à¹‰à¸³à¸¡à¸±à¸™', 'à¸™à¹‰à¸³à¸¡à¸±à¸™à¸ªà¸³à¸«à¸£à¸±à¸šà¸—à¸³à¸­à¸²à¸«à¸²à¸£', 'LI1', NULL, 10, 0, 0, 0.05, 0, 120, 0, 100),
('F0007', 'à¸‚à¹‰à¸²à¸§à¸•à¹‰à¸¡', 'à¸‚à¹‰à¸²à¸§à¸•à¹‰à¸¡à¸ˆà¸·à¸”à¹†', 'LI2', 'M03', 20, 0.2, 0, 0, 0, 120, 0, 100),
('F0008', 'à¹à¸›à¹‰à¸‡à¸‚à¹‰à¸²à¸§à¸ªà¸²à¸¥à¸µ', 'à¹à¸›à¹‰à¸‡à¸—à¸µà¹ˆà¸—à¸³à¸ˆà¸²à¸à¸‚à¹‰à¸²à¸§à¸ªà¸²à¸¥à¸µ', 'LI2', 'M08', 15, 0.1, 0, 0, 0, 120, 0, 100),
('F0009', 'à¸‚à¸™à¸¡à¸›à¸±à¸‡', 'à¸‚à¸™à¸¡à¸›à¸±à¸‡à¸—à¸µà¹ˆà¸—à¸³à¸ˆà¸²à¸à¹à¸›à¹‰à¸‡à¸‚à¹‰à¸²à¸§à¸ªà¸²à¸¥à¸µ', 'LI2', 'M09', 30, 0.5, 0, 0, 0, 240, 0, 100),
('F0010', 'à¸‚à¹‰à¸²à¸§à¸ªà¸§à¸¢', 'à¸‚à¹‰à¸²à¸§à¸ªà¸§à¸¢à¸£à¹‰à¸­à¸™à¹†à¸žà¸£à¹‰à¸­à¸¡à¸—à¸²à¸™', 'LI2', 'M09', 20, 0.2, 0, 0, 0, 120, 0, 100),
('F0011', 'à¹€à¸™à¸·à¹‰à¸­à¸«à¸¡à¸¹', 'à¹€à¸™à¸·à¹‰à¸­à¸«à¸¡à¸¹à¸ªà¸”à¸ªà¸µà¹à¸”à¸‡à¸™à¹ˆà¸²à¸à¸´à¸™', 'LI1', NULL, 50, 0.3, 0.1, 0.3, 0, 240, 15, 100),
('F0012', 'à¹€à¸™à¸·à¹‰à¸­à¹„à¸à¹ˆ', 'à¹€à¸™à¸·à¹‰à¸­à¹„à¸à¹ˆà¸™à¸¸à¹ˆà¸¡à¸™à¹ˆà¸²à¸à¸´à¸™à¹à¸•à¹ˆà¸¢à¸±à¸‡à¹„à¸¡à¹ˆà¸ªà¸¸à¸à¸™à¸°', 'LI1', NULL, 35, 0.2, 0.1, 0.1, 0, 240, 15, 100),
('F0013', 'à¸«à¸¡à¸¹à¸—à¸­à¸”', 'à¸«à¸¡à¸¹à¸—à¸­à¸”à¸ªà¸µà¸ªà¸§à¸¢à¹†à¸™à¹ˆà¸²à¸à¸´à¸™ :3', 'LI2', 'M01', 70, 0.2, 0.4, 0.5, 0, 300, 15, 100),
('F0014', 'à¹ƒà¸šà¸à¸£à¸°à¹€à¸žà¸£à¸²', 'à¹ƒà¸šà¸à¸£à¸°à¹€à¸žà¸£à¸²à¹€à¸‚à¸µà¸¢à¸§à¹†à¸ˆà¸²à¸à¸”à¸´à¸™', 'LI1', NULL, 20, 0, 0, 0, 0.01, 240, 15, 100),
('F0015', 'à¹„à¸‚à¹ˆà¹„à¸à¹ˆ', 'à¹„à¸‚à¹ˆà¹„à¸à¹ˆà¸—à¸µà¹ˆà¹€à¸¥à¸µà¹‰à¸¢à¸‡à¹€à¸­à¸‡à¹€à¸¥à¸¢à¸™à¸°', 'LI1', NULL, 10, 0, 0.01, 0, 0, 120, 15, 100),
('F0016', 'à¹„à¸‚à¹ˆà¸”à¸²à¸§', 'à¹„à¸‚à¹ˆà¸”à¸²à¸§à¸£à¹‰à¸­à¸™à¹†à¸—à¸µà¹ˆà¹€à¸žà¸´à¹ˆà¸‡à¸—à¸­à¸”à¹€à¸ªà¸£à¹‡à¸ˆ', 'LI2', 'M01', 30, 0, 0.04, 0.01, 0, 240, 15, 100),
('F0017', 'à¹„à¸à¹ˆà¸—à¸­à¸”', 'à¹„à¸à¹ˆà¸—à¸­à¸”à¸—à¸µà¹ˆà¸«à¸­à¸¡à¸Šà¸§à¸™à¸Šà¸´à¸¡', 'LI2', 'M01', 60, 0.15, 0.2, 0.5, 0, 240, 15, 100),
('F0019', 'à¸­à¹‰à¸­à¸¢', 'à¸œà¸¥à¹„à¸¡à¹‰à¸—à¸µà¹ˆà¸¡à¸µà¸£à¸ªà¸«à¸§à¸²à¸™(à¹‚à¸„à¸•à¸£à¹†)', 'LI1', NULL, 30, 0.03, 0, 0, 0, 300, 15, 100),
('F0020', 'à¸™à¹‰à¸³à¸•à¸²à¸¥à¸—à¸£à¸²à¸¢', 'à¸™à¹‰à¸³à¸•à¸²à¸¥à¸ªà¸µà¸™à¹‰à¸³à¸•à¸²à¸¥', 'LI2', 'M08', 60, 0.3, 0, 0, 0, 300, 15, 100),
('F0021', 'à¸™à¹‰à¸³à¹€à¸Šà¸·à¹ˆà¸­à¸¡', 'à¸™à¹‰à¸³à¹€à¸Šà¸·à¹ˆà¸­à¸¡à¸ªà¸µà¹ƒà¸ª', 'LI2', 'M03', 70, 0.5, 0, 0, 0, 90, 15, 100),
('F0022', 'à¸‚à¸™à¸¡à¸›à¸±à¸‡à¸—à¸­à¸”', 'à¸‚à¸™à¸¡à¸›à¸±à¸‡à¸—à¸­à¸”à¸à¸£à¸­à¸š', 'LI2', 'M01', 60, 0.5, 0, 0.1, 0, 300, 4, 100),
('F0023', 'à¸‚à¸™à¸¡à¸›à¸±à¸‡à¸—à¸­à¸” à¹„à¸‚à¹ˆà¸”à¸²à¸§', 'à¸‚à¸™à¸¡à¸›à¸±à¸‡à¸—à¸­à¸”à¸à¸±à¸šà¹„à¸‚à¹ˆà¸”à¸²à¸§à¸™à¸±à¹ˆà¸™à¹à¸«à¸¥à¸°', 'LI3', 'M07', 120, 0.5, 0.3, 0.7, 0, 240, 7, 100),
('F0024', 'à¸‚à¹‰à¸²à¸§à¸•à¹‰à¸¡à¸œà¸±à¸', 'à¸‚à¹‰à¸²à¸§à¸•à¹‰à¸¡à¸—à¸µà¹ˆà¸—à¸³à¸ˆà¸²à¸à¸œà¸±à¸à¹ƒà¸šà¹€à¸‚à¸µà¸¢à¸§à¸ªà¸±à¸à¸­à¸¢à¹ˆà¸²à¸‡à¸«à¸™à¸¶à¹ˆà¸‡', 'LI2', 'M03', 35, 0.25, 0, 0, 0.01, 240, 0, 100),
('F0025', 'à¸‚à¹‰à¸²à¸§à¹‚à¸žà¸”à¸¢à¹ˆà¸²à¸‡', 'à¸‚à¹‰à¸²à¸§à¹‚à¸žà¸”à¸¢à¹ˆà¸²à¸‡à¸£à¹‰à¸­à¸™à¹†à¸«à¸­à¸¡à¹†', 'LI3', 'M06', 20, 0.05, 0, 0, 0, 120, 0, 100);

-- --------------------------------------------------------

--
-- Table structure for table `tb_ingredient`
--

CREATE TABLE IF NOT EXISTS `tb_ingredient` (
  `foodID` varchar(5) COLLATE utf8_unicode_ci NOT NULL,
  `ingredientID` varchar(5) COLLATE utf8_unicode_ci NOT NULL,
  PRIMARY KEY (`foodID`,`ingredientID`),
  KEY `ingredientID` (`ingredientID`)
) ENGINE=InnoDB DEFAULT CHARSET=utf8 COLLATE=utf8_unicode_ci;

--
-- Dumping data for table `tb_ingredient`
--

INSERT INTO `tb_ingredient` (`foodID`, `ingredientID`) VALUES
('F0007', 'F0001'),
('F0009', 'F0001'),
('F0010', 'F0001'),
('F0021', 'F0001'),
('F0007', 'F0002'),
('F0010', 'F0002'),
('F0025', 'F0003'),
('F0024', 'F0004'),
('F0008', 'F0005'),
('F0013', 'F0006'),
('F0016', 'F0006'),
('F0017', 'F0006'),
('F0022', 'F0006'),
('F0024', 'F0007'),
('F0009', 'F0008'),
('F0022', 'F0009'),
('F0013', 'F0011'),
('F0017', 'F0012'),
('F0016', 'F0015'),
('F0023', 'F0016'),
('F0020', 'F0019'),
('F0021', 'F0019'),
('F0023', 'F0022');

-- --------------------------------------------------------

--
-- Table structure for table `tb_level_ingredient`
--

CREATE TABLE IF NOT EXISTS `tb_level_ingredient` (
  `levelIngredientID` varchar(3) COLLATE utf8_unicode_ci NOT NULL,
  `levelIngredientName` varchar(10) COLLATE utf8_unicode_ci NOT NULL,
  PRIMARY KEY (`levelIngredientID`)
) ENGINE=InnoDB DEFAULT CHARSET=utf8 COLLATE=utf8_unicode_ci;

--
-- Dumping data for table `tb_level_ingredient`
--

INSERT INTO `tb_level_ingredient` (`levelIngredientID`, `levelIngredientName`) VALUES
('LI1', 'Root'),
('LI2', 'Non-Leaf'),
('LI3', 'Leaf');

-- --------------------------------------------------------

--
-- Table structure for table `tb_method`
--

CREATE TABLE IF NOT EXISTS `tb_method` (
  `methodID` varchar(3) COLLATE utf8_unicode_ci NOT NULL,
  `methodName` varchar(25) COLLATE utf8_unicode_ci NOT NULL,
  `methodDescription` varchar(256) COLLATE utf8_unicode_ci DEFAULT NULL,
  PRIMARY KEY (`methodID`)
) ENGINE=InnoDB DEFAULT CHARSET=utf8 COLLATE=utf8_unicode_ci;

--
-- Dumping data for table `tb_method`
--

INSERT INTO `tb_method` (`methodID`, `methodName`, `methodDescription`) VALUES
('M01', 'à¸—à¸­à¸”', 'à¸à¸²à¸£à¸—à¸³à¹ƒà¸«à¹‰à¸­à¸²à¸«à¸²à¸£à¸ªà¸¸à¸à¹‚à¸”à¸¢à¹ƒà¸Šà¹‰à¸™à¹‰à¸³à¸¡à¸±à¸™'),
('M02', 'à¸œà¸±à¸”', 'à¸à¸²à¸£à¸—à¸³à¹ƒà¸«à¹‰à¸­à¸²à¸«à¸²à¸£à¸ªà¸¸à¸à¹‚à¸”à¸¢à¹ƒà¸Šà¹‰à¸™à¹‰à¸³à¸¡à¸±à¸™à¸™à¹‰à¸­à¸¢'),
('M03', 'à¸•à¹‰à¸¡', 'à¸à¸²à¸£à¸—à¸³à¹ƒà¸«à¹‰à¸­à¸²à¸«à¸²à¸£à¸ªà¸¸à¸à¹‚à¸”à¸¢à¸à¸²à¸£à¸™à¸³à¸§à¸±à¸•à¸–à¸¸à¸”à¸´à¸šà¹ƒà¸ªà¹ˆà¸¥à¸‡à¹ƒà¸™à¸™à¹‰à¸³à¹€à¸”à¸·à¸­à¸”'),
('M04', 'à¸•à¸¸à¹‹à¸™', 'à¸à¸²à¸£à¸—à¸³à¸­à¸²à¸«à¸²à¸£à¸™à¸´à¹‰à¸¡à¹‚à¸”à¸¢à¹ƒà¸Šà¹‰à¹à¸£à¸‡à¸”à¸±à¸™à¸ˆà¸²à¸à¹„à¸­à¸™à¹‰à¸³'),
('M05', 'à¸™à¸¶à¹ˆà¸‡', 'à¸à¸²à¸£à¸—à¸³à¹ƒà¸«à¹‰à¸­à¸²à¸«à¸²à¸£à¸ªà¸¸à¸à¹‚à¸”à¸¢à¸à¸²à¸£à¹ƒà¸Šà¹‰à¸„à¸§à¸²à¸¡à¸£à¹‰à¸­à¸™à¸ˆà¸²à¸à¹„à¸­à¸™à¹‰à¸³'),
('M06', 'à¸¢à¹ˆà¸²à¸‡', 'à¸à¸²à¸£à¸—à¸³à¹ƒà¸«à¹‰à¸­à¸²à¸«à¸²à¸£à¸ªà¸¸à¸à¹‚à¸”à¸¢à¸™à¸³à¸§à¸±à¸•à¸–à¸¸à¸”à¸´à¸šà¹„à¸›à¸œà¹ˆà¸²à¸™à¹„à¸Ÿ'),
('M07', 'à¸¢à¸³', 'à¸à¸²à¸£à¸™à¸³à¸§à¸±à¸•à¸–à¸¸à¸”à¸´à¸šà¸«à¸¥à¸²à¸¢à¹†à¸Šà¸™à¸´à¸”à¸¡à¸²à¸œà¸ªà¸¡à¹€à¸‚à¹‰à¸²à¸”à¹‰à¸§à¸¢à¸à¸±à¸™'),
('M08', 'à¸šà¸”', 'à¸—à¸³à¹ƒà¸«à¹‰à¸§à¸±à¸•à¸–à¸¸à¸”à¸´à¸šà¸à¸¥à¸²à¸¢à¹€à¸›à¹‡à¸™à¸Šà¸´à¹‰à¸™à¹€à¸¥à¹‡à¸à¹†'),
('M09', 'à¸­à¸š', 'à¸à¸²à¸£à¹ƒà¸«à¹‰à¸„à¸§à¸²à¸¡à¸£à¹‰à¸­à¸™à¸ªà¸¹à¸‡à¸ˆà¸™à¸—à¸³à¹ƒà¸«à¹‰à¸­à¸²à¸à¸²à¸£à¸ªà¸¸à¸'),
('M10', 'à¸à¸§à¸™', 'à¸à¸§à¸™');

-- --------------------------------------------------------

--
-- Table structure for table `tb_player_information`
--

CREATE TABLE IF NOT EXISTS `tb_player_information` (
  `playerID` varchar(16) COLLATE utf8_unicode_ci NOT NULL,
  `playerWeight` float unsigned NOT NULL,
  `playerMoney` int(10) unsigned NOT NULL,
  PRIMARY KEY (`playerID`)
) ENGINE=InnoDB DEFAULT CHARSET=utf8 COLLATE=utf8_unicode_ci;

--
-- Dumping data for table `tb_player_information`
--

INSERT INTO `tb_player_information` (`playerID`, `playerWeight`, `playerMoney`) VALUES
('12345678', 5, 500),
('123456789', 0, 500),
('à¸—à¸³à¹„à¸¡à¸­à', 5, 500),
('à¸¥à¸·à¸¡à¸žà¸²à', 5, 500),
('bobo1234', 5.63745, 455),
('database', 5.0351, 457),
('earthza65', 0.002, 465),
('KengJaem', 0.10855, 512),
('KeyKun02', 0.175, 469),
('kikiki39', 0.60585, 10),
('l-_-llll', 5.55, 500),
('Nagisachan', 2.238, 0),
('player', 600, 27600),
('testuser', 7.05, 436),
('username', 5.033, 29);

-- --------------------------------------------------------

--
-- Table structure for table `tb_player_store`
--

CREATE TABLE IF NOT EXISTS `tb_player_store` (
  `playerID` varchar(16) COLLATE utf8_unicode_ci NOT NULL,
  `foodID` varchar(5) COLLATE utf8_unicode_ci NOT NULL,
  `quantity` int(10) unsigned NOT NULL,
  PRIMARY KEY (`playerID`,`foodID`),
  KEY `foodID` (`foodID`)
) ENGINE=InnoDB DEFAULT CHARSET=utf8 COLLATE=utf8_unicode_ci;

--
-- Dumping data for table `tb_player_store`
--

INSERT INTO `tb_player_store` (`playerID`, `foodID`, `quantity`) VALUES
('bobo1234', 'F0001', 100),
('bobo1234', 'F0002', 100),
('bobo1234', 'F0003', 100),
('bobo1234', 'F0004', 100),
('bobo1234', 'F0005', 100),
('bobo1234', 'F0006', 100),
('bobo1234', 'F0011', 100),
('bobo1234', 'F0012', 100),
('bobo1234', 'F0014', 100),
('bobo1234', 'F0015', 100),
('bobo1234', 'F0016', 1),
('bobo1234', 'F0019', 62),
('database', 'F0001', 5),
('database', 'F0002', 2),
('database', 'F0004', 1),
('database', 'F0005', 1),
('database', 'F0006', 1),
('database', 'F0007', 1),
('database', 'F0011', 1),
('database', 'F0012', 1),
('database', 'F0014', 1),
('database', 'F0015', 1),
('database', 'F0019', 0),
('database', 'F0025', 1),
('Keykun02', 'F0001', 1),
('l-_-llll', 'F0001', 100),
('l-_-llll', 'F0002', 26),
('l-_-llll', 'F0003', 25),
('l-_-llll', 'F0004', 27),
('l-_-llll', 'F0005', 26),
('l-_-llll', 'F0006', 22),
('l-_-llll', 'F0011', 9),
('l-_-llll', 'F0012', 8),
('l-_-llll', 'F0014', 9),
('l-_-llll', 'F0015', 21),
('l-_-llll', 'F0016', 1),
('l-_-llll', 'F0019', 10),
('Nagisachan', 'F0001', 95),
('Nagisachan', 'F0002', 95),
('Nagisachan', 'F0003', 95),
('Nagisachan', 'F0004', 95),
('Nagisachan', 'F0005', 95),
('Nagisachan', 'F0006', 95),
('Nagisachan', 'F0009', 4),
('Nagisachan', 'F0011', 95),
('Nagisachan', 'F0012', 95),
('Nagisachan', 'F0014', 95),
('Nagisachan', 'F0015', 100),
('Nagisachan', 'F0019', 100),
('player', 'F0001', 100),
('player', 'F0002', 100),
('player', 'F0003', 100),
('player', 'F0004', 100),
('player', 'F0005', 100),
('player', 'F0006', 100),
('player', 'F0007', 3),
('player', 'F0011', 100),
('player', 'F0012', 100),
('player', 'F0014', 100),
('player', 'F0015', 100),
('player', 'F0016', 1),
('player', 'F0019', 100),
('testuser', 'F0001', 99),
('testuser', 'F0002', 100),
('testuser', 'F0003', 100),
('testuser', 'F0004', 100),
('testuser', 'F0005', 100),
('testuser', 'F0006', 50),
('testuser', 'F0010', 2),
('testuser', 'F0011', 100),
('testuser', 'F0012', 100),
('testuser', 'F0014', 100),
('testuser', 'F0015', 100),
('testuser', 'F0019', 99),
('testuser', 'F0021', 1),
('username', 'F0002', 1),
('username', 'F0003', 6),
('username', 'F0005', 7),
('username', 'F0006', 1),
('username', 'F0007', 9),
('username', 'F0008', 2),
('username', 'F0010', 2),
('username', 'F0014', 2),
('username', 'F0022', 3),
('username', 'F0024', 2);

-- --------------------------------------------------------

--
-- Table structure for table `tb_user`
--

CREATE TABLE IF NOT EXISTS `tb_user` (
  `userID` varchar(16) COLLATE utf8_unicode_ci NOT NULL,
  `userPassword` varchar(16) COLLATE utf8_unicode_ci NOT NULL,
  `userEmail` varchar(256) COLLATE utf8_unicode_ci NOT NULL,
  `userRoleID` varchar(3) COLLATE utf8_unicode_ci NOT NULL,
  `registrationDate` timestamp NOT NULL DEFAULT CURRENT_TIMESTAMP,
  PRIMARY KEY (`userID`),
  KEY `userRoleID` (`userRoleID`)
) ENGINE=InnoDB DEFAULT CHARSET=utf8 COLLATE=utf8_unicode_ci;

--
-- Dumping data for table `tb_user`
--

INSERT INTO `tb_user` (`userID`, `userPassword`, `userEmail`, `userRoleID`, `registrationDate`) VALUES
('12345678', '12345678', '1111111@hhh.ac', 'UR3', '2015-12-06 09:52:34'),
('123456789', '123456789', '123456789@hotmail.com', 'UR3', '2015-12-05 14:21:25'),
('à¸—à¸³à¹„à¸¡à¸­à', 'à¸à¸£à¸µà¹Šà¸”à', 'ssddd3@hot.com', 'UR3', '2015-12-06 14:10:53'),
('à¸¥à¸·à¸¡à¸žà¸²à', 'à¸¥à¸·à¸¡à¸žà¸²à', 'eee@f.co.th', 'UR3', '2015-12-06 14:13:37'),
('admin', 'admin', 'admin@eat2fat.com', 'UR1', '2015-10-27 17:07:45'),
('bobo1234', 'putangina', 'momo@lah.com', 'UR3', '2015-12-05 14:36:45'),
('database', 'database', 'database@database.com', 'UR3', '2015-12-07 03:10:30'),
('earthza65', 'qwer4321', 'earthza65@hotmail.com', 'UR3', '2015-12-06 05:02:01'),
('gcm', 'gcm', 'gcm@eat2fat.com', 'UR2', '2015-12-02 18:56:43'),
('KengJaem', 'KengJaem', 'KengJaem@gmail.com', 'UR3', '2015-12-06 04:57:21'),
('KeyKun02', 'Keykmutt', 'Key3426@hotmail.com', 'UR3', '2015-12-06 05:08:06'),
('kikiki39', 'kikiki39', 'bright_dall@hotmail.com', 'UR3', '2015-12-06 04:47:49'),
('l-_-llll', 'qwertyui', 'qs@CPE332.ac.th', 'UR3', '2015-12-06 14:14:49'),
('m_squares', 'URc-M5p-Hoh-Gp9', 'm_squares@hotmail.com', 'UR2', '2015-12-05 05:16:29'),
('Nagisachan', 'qwqwqwqw', 'zarkzaki@hotmail.com', 'UR3', '2015-12-05 14:32:52'),
('player', 'player', 'player@eat2fat.com', 'UR3', '2015-12-01 09:29:38'),
('testuser', 'testuser', 'testuser@eat2fat.com', 'UR3', '2015-12-05 16:54:27'),
('username', 'password', 'eiei@ff.com', 'UR3', '2015-12-06 13:49:36');

-- --------------------------------------------------------

--
-- Table structure for table `tb_user_log`
--

CREATE TABLE IF NOT EXISTS `tb_user_log` (
  `userLogNo` bigint(20) unsigned NOT NULL,
  `userID` varchar(16) COLLATE utf8_unicode_ci NOT NULL,
  `dateTime` timestamp NOT NULL DEFAULT CURRENT_TIMESTAMP,
  `actionCode` varchar(3) COLLATE utf8_unicode_ci NOT NULL,
  `foodID` varchar(5) COLLATE utf8_unicode_ci DEFAULT NULL,
  `quantity` int(10) unsigned DEFAULT NULL,
  `description` varchar(256) COLLATE utf8_unicode_ci DEFAULT NULL,
  PRIMARY KEY (`userLogNo`),
  KEY `userID` (`userID`),
  KEY `actionCode` (`actionCode`),
  KEY `foodID` (`foodID`)
) ENGINE=InnoDB DEFAULT CHARSET=utf8 COLLATE=utf8_unicode_ci;

--
-- Dumping data for table `tb_user_log`
--

INSERT INTO `tb_user_log` (`userLogNo`, `userID`, `dateTime`, `actionCode`, `foodID`, `quantity`, `description`) VALUES
(1, 'gcm', '2015-12-04 20:51:13', 'A02', NULL, NULL, NULL),
(2, 'gcm', '2015-12-04 20:52:04', 'A08', NULL, NULL, 'M01 à¸—à¸­à¸”'),
(3, 'gcm', '2015-12-04 20:52:20', 'A03', NULL, NULL, NULL),
(4, 'player', '2015-12-04 20:54:00', 'A02', NULL, NULL, NULL),
(5, 'player', '2015-12-04 20:54:18', 'A03', NULL, NULL, NULL),
(6, 'gcm', '2015-12-05 04:17:13', 'A02', NULL, NULL, NULL),
(7, 'gcm', '2015-12-05 04:18:05', 'A03', NULL, NULL, NULL),
(8, 'gcm', '2015-12-05 04:18:13', 'A02', NULL, NULL, NULL),
(9, 'gcm', '2015-12-05 04:21:01', 'A03', NULL, NULL, NULL),
(10, 'gcm', '2015-12-05 04:21:39', 'A02', NULL, NULL, NULL),
(11, 'gcm', '2015-12-05 04:21:56', 'A03', NULL, NULL, NULL),
(12, 'gcm', '2015-12-05 04:22:04', 'A02', NULL, NULL, NULL),
(13, 'gcm', '2015-12-05 04:26:53', 'A03', NULL, NULL, NULL),
(14, 'gcm', '2015-12-05 05:08:03', 'A02', NULL, NULL, NULL),
(15, 'gcm', '2015-12-05 05:09:22', 'A08', NULL, NULL, 'M02 à¸œà¸±à¸”'),
(16, 'gcm', '2015-12-05 05:11:08', 'A08', NULL, NULL, 'M03 à¸•à¹‰à¸¡'),
(17, 'gcm', '2015-12-05 05:11:48', 'A08', NULL, NULL, 'M04 à¸•à¸¸à¹‹à¸™'),
(18, 'gcm', '2015-12-05 05:12:33', 'A09', NULL, NULL, 'M04 Description = à¸à¸²à¸£à¸—à¸³à¸­à¸²à¸«à¸²à¸£à¸™à¸´à¹‰à¸¡à¹‚à¸”à¸¢à¹ƒà¸Šà¹‰à¹à¸£à¸‡à¸”à¸±à¸™à¸ˆà¸²à¸à¹„à¸­à¸™à¹‰à¸³'),
(19, 'gcm', '2015-12-05 05:13:27', 'A08', NULL, NULL, 'M05 à¸™à¸¶à¹ˆà¸‡'),
(20, 'gcm', '2015-12-05 05:14:22', 'A08', NULL, NULL, 'M06 à¸¢à¹ˆà¸²à¸‡'),
(21, 'gcm', '2015-12-05 05:14:49', 'A08', NULL, NULL, 'M07 à¸¢à¸³'),
(22, 'gcm', '2015-12-05 05:15:34', 'A03', NULL, NULL, NULL),
(23, 'm_squares', '2015-12-05 05:16:37', 'A02', NULL, NULL, NULL),
(24, 'm_squares', '2015-12-05 05:16:55', 'A03', NULL, NULL, NULL),
(25, 'm_squares', '2015-12-05 05:17:46', 'A02', NULL, NULL, NULL),
(26, 'm_squares', '2015-12-05 05:39:29', 'A03', NULL, NULL, NULL),
(27, 'gcm', '2015-12-05 05:39:39', 'A02', NULL, NULL, NULL),
(28, 'gcm', '2015-12-05 05:41:37', 'A03', NULL, NULL, NULL),
(29, 'm_squares', '2015-12-05 05:42:56', 'A02', NULL, NULL, NULL),
(30, 'm_squares', '2015-12-05 05:43:09', 'A08', NULL, NULL, 'M08 à¸—à¸”à¸ªà¸­à¸š'),
(31, 'm_squares', '2015-12-05 05:43:14', 'A10', NULL, NULL, 'M08 à¸—à¸”à¸ªà¸­à¸š'),
(32, 'm_squares', '2015-12-05 05:47:20', 'A08', NULL, NULL, ''),
(33, 'gcm', '2015-12-05 05:49:00', 'A02', NULL, NULL, NULL),
(34, 'gcm', '2015-12-05 05:50:10', 'A10', 'F0001', NULL, NULL),
(35, 'gcm', '2015-12-05 05:55:46', 'A08', 'F0001', NULL, NULL),
(36, 'gcm', '2015-12-05 05:56:12', 'A08', 'F0002', NULL, NULL),
(37, 'gcm', '2015-12-05 05:58:30', 'A08', 'F0003', NULL, NULL),
(38, 'gcm', '2015-12-05 06:00:03', 'A08', 'F0004', NULL, NULL),
(39, 'gcm', '2015-12-05 06:03:05', 'A10', 'F0001', NULL, NULL),
(40, 'gcm', '2015-12-05 06:03:11', 'A10', 'F0002', NULL, NULL),
(41, 'gcm', '2015-12-05 06:03:15', 'A10', 'F0003', NULL, NULL),
(42, 'gcm', '2015-12-05 06:03:19', 'A10', 'F0004', NULL, NULL),
(43, 'gcm', '2015-12-05 06:04:07', 'A08', 'F0001', NULL, NULL),
(44, 'gcm', '2015-12-05 06:05:45', 'A08', 'F0002', NULL, NULL),
(45, 'gcm', '2015-12-05 06:07:05', 'A08', 'F0003', NULL, NULL),
(46, 'gcm', '2015-12-05 06:08:50', 'A08', 'F0004', NULL, NULL),
(47, 'gcm', '2015-12-05 06:10:40', 'A08', NULL, NULL, 'M08 à¸šà¸”'),
(48, 'gcm', '2015-12-05 06:11:49', 'A08', 'F0005', NULL, NULL),
(49, 'gcm', '2015-12-05 06:12:28', 'A08', 'F0006', NULL, NULL),
(50, 'gcm', '2015-12-05 06:13:38', 'A08', 'F0007', NULL, NULL),
(51, 'gcm', '2015-12-05 06:14:45', 'A08', 'F0008', NULL, NULL),
(52, 'gcm', '2015-12-05 06:15:40', 'A08', NULL, NULL, 'M09 à¸­à¸š'),
(53, 'gcm', '2015-12-05 06:19:15', 'A08', 'F0009', NULL, NULL),
(54, 'gcm', '2015-12-05 06:20:32', 'A08', 'F0010', NULL, NULL),
(55, 'gcm', '2015-12-05 06:22:25', 'A08', 'F0011', NULL, NULL),
(56, 'gcm', '2015-12-05 06:22:41', 'A09', 'F0011', NULL, 'Weight for Unlock = 30'),
(57, 'gcm', '2015-12-05 06:24:35', 'A08', 'F0012', NULL, NULL),
(58, 'gcm', '2015-12-05 06:26:04', 'A08', 'F0013', NULL, NULL),
(59, 'm_squares', '2015-12-05 06:26:49', 'A02', NULL, NULL, NULL),
(60, 'gcm', '2015-12-05 06:28:54', 'A03', NULL, NULL, NULL),
(61, 'm_squares', '2015-12-05 06:32:48', 'A03', NULL, NULL, NULL),
(62, 'gcm', '2015-12-05 06:33:04', 'A02', NULL, NULL, NULL),
(63, 'gcm', '2015-12-05 06:33:31', 'A08', 'F0014', NULL, NULL),
(64, 'gcm', '2015-12-05 06:34:20', 'A08', 'F0015', NULL, NULL),
(65, 'gcm', '2015-12-05 06:36:13', 'A08', 'F0016', NULL, NULL),
(66, 'gcm', '2015-12-05 06:37:10', 'A08', 'F0017', NULL, NULL),
(68, 'gcm', '2015-12-05 06:40:33', 'A08', 'F0019', NULL, NULL),
(69, 'gcm', '2015-12-05 06:41:37', 'A08', 'F0020', NULL, NULL),
(70, 'gcm', '2015-12-05 06:41:44', 'A03', NULL, NULL, NULL),
(71, 'gcm', '2015-12-05 06:42:51', 'A02', NULL, NULL, NULL),
(72, 'gcm', '2015-12-05 06:44:41', 'A08', 'F0021', NULL, NULL),
(73, 'gcm', '2015-12-05 06:45:55', 'A08', 'F0022', NULL, NULL),
(74, 'gcm', '2015-12-05 06:47:17', 'A08', 'F0023', NULL, NULL),
(76, 'gcm', '2015-12-05 06:50:06', 'A03', NULL, NULL, NULL),
(77, 'player', '2015-12-05 06:50:17', 'A02', NULL, NULL, NULL),
(78, 'player', '2015-12-05 06:50:40', 'A06', 'F0001', 20, NULL),
(79, 'player', '2015-12-05 06:51:05', 'A06', 'F0002', 30, NULL),
(80, 'player', '2015-12-05 06:51:22', 'A04', 'F0007', 1, 'Failed'),
(81, 'player', '2015-12-05 06:51:40', 'A04', 'F0007', 1, 'Successfully'),
(82, 'player', '2015-12-05 06:51:54', 'A05', 'F0007', 1, NULL),
(83, 'player', '2015-12-05 06:52:17', 'A06', 'F0005', 20, NULL),
(84, 'player', '2015-12-05 06:52:36', 'A04', 'F0008', 1, 'Successfully'),
(85, 'player', '2015-12-05 06:52:44', 'A04', 'F0008', 1, 'Successfully'),
(86, 'player', '2015-12-05 06:53:07', 'A04', 'F0009', 1, 'Successfully'),
(87, 'player', '2015-12-05 06:53:19', 'A05', 'F0009', 1, NULL),
(88, 'player', '2015-12-05 06:53:44', 'A07', 'F0001', 17, NULL),
(89, 'player', '2015-12-05 06:53:54', 'A07', 'F0005', 18, NULL),
(90, 'player', '2015-12-05 06:54:00', 'A07', 'F0002', 10, NULL),
(91, 'player', '2015-12-05 06:54:28', 'A05', 'F0002', 17, NULL),
(92, 'player', '2015-12-05 06:54:40', 'A06', 'F0006', 20, NULL),
(93, 'player', '2015-12-05 06:54:50', 'A05', 'F0006', 20, NULL),
(94, 'player', '2015-12-05 06:55:46', 'A03', NULL, NULL, NULL),
(95, 'gcm', '2015-12-05 06:55:53', 'A02', NULL, NULL, NULL),
(96, 'gcm', '2015-12-05 06:56:13', 'A03', NULL, NULL, NULL),
(97, 'gcm', '2015-12-05 06:56:57', 'A02', NULL, NULL, NULL),
(98, 'gcm', '2015-12-05 07:04:16', 'A03', NULL, NULL, NULL),
(99, 'gcm', '2015-12-05 08:03:52', 'A02', NULL, NULL, NULL),
(100, 'gcm', '2015-12-05 08:07:01', 'A03', NULL, NULL, NULL),
(101, 'player', '2015-12-05 08:07:14', 'A02', NULL, NULL, NULL),
(102, 'player', '2015-12-05 08:08:06', 'A03', NULL, NULL, NULL),
(103, 'gcm', '2015-12-05 08:33:09', 'A02', NULL, NULL, NULL),
(104, 'm_squares', '2015-12-05 08:33:53', 'A02', NULL, NULL, NULL),
(105, 'gcm', '2015-12-05 08:39:14', 'A08', NULL, NULL, 'M10 à¸à¸§à¸™'),
(107, 'gcm', '2015-12-05 08:53:16', 'A10', NULL, NULL, 'F0025'),
(108, 'gcm', '2015-12-05 08:57:40', 'A10', NULL, NULL, 'F0026'),
(109, 'm_squares', '2015-12-05 09:00:06', 'A03', NULL, NULL, NULL),
(110, 'gcm', '2015-12-05 09:03:47', 'A10', NULL, NULL, 'F0024 Array'),
(111, 'player', '2015-12-05 09:26:09', 'A02', NULL, NULL, NULL),
(112, 'player', '2015-12-05 09:27:09', 'A03', NULL, NULL, NULL),
(113, 'gcm', '2015-12-05 11:12:33', 'A02', NULL, NULL, NULL),
(114, 'gcm', '2015-12-05 12:17:44', 'A02', NULL, NULL, NULL),
(115, 'gcm', '2015-12-05 12:35:51', 'A03', NULL, NULL, NULL),
(116, 'player', '2015-12-05 12:43:55', 'A02', NULL, NULL, NULL),
(117, 'player', '2015-12-05 12:44:19', 'A06', 'F0001', 4, NULL),
(118, 'player', '2015-12-05 12:44:42', 'A05', 'F0001', 2, NULL),
(119, 'player', '2015-12-05 12:54:46', 'A03', NULL, NULL, NULL),
(120, 'gcm', '2015-12-05 12:54:53', 'A02', NULL, NULL, NULL),
(121, 'gcm', '2015-12-05 12:55:00', 'A09', NULL, NULL, 'M10 Name = '),
(122, 'gcm', '2015-12-05 12:55:06', 'A09', NULL, NULL, 'M10 Name = à¸à¸§à¸™'),
(123, 'gcm', '2015-12-05 12:59:16', 'A09', 'F0023', NULL, 'Name = null'),
(124, 'gcm', '2015-12-05 12:59:22', 'A09', 'F0023', NULL, 'Name = à¸‚à¸™à¸¡à¸›à¸±à¸‡à¸—à¸­à¸” à¹„à¸‚à¹ˆà¸”à¸²à¸§'),
(125, 'gcm', '2015-12-05 13:00:07', 'A09', 'F0023', NULL, 'Name = à¸‚à¸™à¸¡à¸›à¸±à¸‡à¸—à¸­à¸” à¹„à¸‚à¹ˆà¸”à¸²à¸§2'),
(126, 'gcm', '2015-12-05 13:00:13', 'A09', 'F0023', NULL, 'Name = à¸‚à¸™à¸¡à¸›à¸±à¸‡à¸—à¸­à¸” à¹„à¸‚à¹ˆà¸”à¸²à¸§'),
(127, 'gcm', '2015-12-05 13:03:46', 'A09', NULL, NULL, 'M10 Description = à¸à¸§à¸™à¸à¸§à¸™'),
(128, 'gcm', '2015-12-05 13:09:44', 'A03', NULL, NULL, NULL),
(129, 'player', '2015-12-05 13:09:51', 'A02', NULL, NULL, NULL),
(130, 'player', '2015-12-05 13:09:54', 'A03', NULL, NULL, NULL),
(131, 'gcm', '2015-12-05 13:09:59', 'A02', NULL, NULL, NULL),
(132, 'gcm', '2015-12-05 13:22:57', 'A03', NULL, NULL, NULL),
(133, 'player', '2015-12-05 13:23:06', 'A02', NULL, NULL, NULL),
(134, 'player', '2015-12-05 13:24:10', 'A06', 'F0002', 2, NULL),
(135, 'player', '2015-12-05 13:24:36', 'A04', 'F0007', 1, 'Successed'),
(136, 'player', '2015-12-05 13:25:16', 'A04', 'F0007', 1, 'Successed'),
(137, 'player', '2015-12-05 13:30:09', 'A06', 'F0001', 1, NULL),
(138, 'player', '2015-12-05 13:30:12', 'A06', 'F0002', 1, NULL),
(139, 'player', '2015-12-05 13:30:33', 'A04', 'F0007', 1, 'Failed'),
(140, 'player', '2015-12-05 13:33:27', 'A06', 'F0001', 3, NULL),
(141, 'player', '2015-12-05 13:33:32', 'A06', 'F0002', 3, NULL),
(142, 'player', '2015-12-05 13:33:43', 'A06', 'F0010', 1, NULL),
(143, 'player', '2015-12-05 13:34:00', 'A04', 'F0007', 1, 'Failed '),
(144, 'player', '2015-12-05 13:34:51', 'A04', 'F0007', 1, 'Failed '),
(145, 'player', '2015-12-05 13:35:01', 'A04', 'F0007', 1, 'Successed'),
(146, 'player', '2015-12-05 13:39:23', 'A06', 'F0001', 10, NULL),
(147, 'player', '2015-12-05 13:39:27', 'A06', 'F0002', 10, NULL),
(148, 'player', '2015-12-05 13:39:36', 'A04', 'F0007', 1, 'Failed'),
(149, 'player', '2015-12-05 13:39:53', 'A04', 'F0007', 1, 'Successed'),
(150, 'player', '2015-12-05 13:43:29', 'A04', 'F0007', 1, 'Failed'),
(151, 'player', '2015-12-05 13:43:51', 'A04', 'F0007', 1, 'Successed'),
(152, 'player', '2015-12-05 13:45:28', 'A04', 'F0007', 1, 'Failed'),
(153, 'player', '2015-12-05 13:50:38', 'A04', 'F0007', 1, 'Successed'),
(154, 'player', '2015-12-05 13:51:46', 'A03', NULL, NULL, NULL),
(155, 'player', '2015-12-05 13:51:56', 'A02', NULL, NULL, NULL),
(156, 'player', '2015-12-05 13:52:07', 'A04', 'F0007', 1, 'Successed'),
(157, 'player', '2015-12-05 13:53:10', 'A04', 'F0007', 1, 'Failed'),
(158, 'player', '2015-12-05 13:55:43', 'A04', 'F0007', 1, 'Failed'),
(159, 'player', '2015-12-05 13:55:49', 'A03', NULL, NULL, NULL),
(160, 'player', '2015-12-05 13:56:36', 'A02', NULL, NULL, NULL),
(161, 'player', '2015-12-05 13:56:49', 'A04', 'F0007', 1, 'Failed'),
(162, 'player', '2015-12-05 13:57:02', 'A06', 'F0001', 4, NULL),
(163, 'player', '2015-12-05 13:57:06', 'A06', 'F0002', 4, NULL),
(164, 'player', '2015-12-05 13:57:36', 'A04', 'F0007', 1, 'Successed'),
(165, 'player', '2015-12-05 13:59:54', 'A04', 'F0007', 1, 'Successed'),
(166, 'player', '2015-12-05 14:02:03', 'A03', NULL, NULL, NULL),
(167, 'player', '2015-12-05 14:05:19', 'A02', NULL, NULL, NULL),
(168, 'player', '2015-12-05 14:08:05', 'A04', 'F0007', 1, 'Successed'),
(169, 'player', '2015-12-05 14:11:11', 'A04', 'F0007', 1, 'Successed'),
(170, 'player', '2015-12-05 14:11:40', 'A07', 'F0007', 5, NULL),
(171, 'player', '2015-12-05 14:11:48', 'A06', 'F0001', 3, NULL),
(172, 'player', '2015-12-05 14:11:54', 'A06', 'F0002', 4, NULL),
(173, 'player', '2015-12-05 14:12:10', 'A04', 'F0007', 1, 'Failed'),
(174, 'player', '2015-12-05 14:12:20', 'A04', 'F0007', 1, 'Successed'),
(175, 'player', '2015-12-05 14:16:52', 'A04', 'F0007', 1, 'Successed'),
(176, 'player', '2015-12-05 14:18:40', 'A06', 'F0001', 3, NULL),
(177, 'player', '2015-12-05 14:18:42', 'A06', 'F0002', 2, NULL),
(178, 'player', '2015-12-05 14:18:52', 'A06', 'F0002', 2, NULL),
(179, 'player', '2015-12-05 14:18:57', 'A06', 'F0001', 2, NULL),
(180, 'player', '2015-12-05 14:19:12', 'A04', 'F0007', 1, 'Failed'),
(181, 'player', '2015-12-05 14:19:23', 'A04', 'F0007', 1, 'Successed'),
(182, 'player', '2015-12-05 14:20:07', 'A03', NULL, NULL, NULL),
(183, '123456789', '2015-12-05 14:21:31', 'A02', NULL, NULL, NULL),
(184, '123456789', '2015-12-05 14:23:14', 'A03', NULL, NULL, NULL),
(185, '123456789', '2015-12-05 14:23:42', 'A02', NULL, NULL, NULL),
(186, '123456789', '2015-12-05 14:23:52', 'A06', 'F0001', 3, NULL),
(187, '123456789', '2015-12-05 14:23:54', 'A03', NULL, NULL, NULL),
(188, '123456789', '2015-12-05 14:24:24', 'A02', NULL, NULL, NULL),
(189, '123456789', '2015-12-05 14:24:27', 'A03', NULL, NULL, NULL),
(190, 'Nagisachan', '2015-12-05 14:33:13', 'A02', NULL, NULL, NULL),
(191, 'Nagisachan', '2015-12-05 14:33:14', 'A02', NULL, NULL, NULL),
(192, 'gcm', '2015-12-05 14:34:01', 'A02', NULL, NULL, NULL),
(193, 'Nagisachan', '2015-12-05 14:35:01', 'A06', 'F0001', 15, NULL),
(194, 'Nagisachan', '2015-12-05 14:35:04', 'A06', 'F0002', 15, NULL),
(195, 'Nagisachan', '2015-12-05 14:35:07', 'A06', 'F0003', 15, NULL),
(196, 'Nagisachan', '2015-12-05 14:35:09', 'A06', 'F0004', 15, NULL),
(197, 'Nagisachan', '2015-12-05 14:35:14', 'A06', 'F0004', 15, NULL),
(198, 'Nagisachan', '2015-12-05 14:35:19', 'A06', 'F0005', 15, NULL),
(199, 'bobo1234', '2015-12-05 14:37:02', 'A02', NULL, NULL, NULL),
(200, 'Nagisachan', '2015-12-05 14:37:24', 'A04', 'F0008', 1, 'Failed'),
(201, 'Nagisachan', '2015-12-05 14:37:34', 'A04', 'F0008', 1, 'Failed'),
(202, 'bobo1234', '2015-12-05 14:37:44', 'A06', 'F0001', 1, NULL),
(203, 'bobo1234', '2015-12-05 14:37:50', 'A06', 'F0002', 1, NULL),
(204, 'bobo1234', '2015-12-05 14:37:54', 'A06', 'F0004', 1, NULL),
(205, 'bobo1234', '2015-12-05 14:37:58', 'A06', 'F0006', 1, NULL),
(206, 'bobo1234', '2015-12-05 14:38:09', 'A06', 'F0009', 1, NULL),
(207, 'Nagisachan', '2015-12-05 14:38:25', 'A04', 'F0007', 1, 'Failed'),
(208, 'bobo1234', '2015-12-05 14:38:25', 'A05', 'F0001', 1, NULL),
(209, 'bobo1234', '2015-12-05 14:38:30', 'A05', 'F0002', 1, NULL),
(210, 'Nagisachan', '2015-12-05 14:38:39', 'A06', 'F0010', 1, NULL),
(211, 'Nagisachan', '2015-12-05 14:39:37', 'A04', 'F0007', 1, 'Successed'),
(212, 'Nagisachan', '2015-12-05 14:41:59', 'A07', 'F0004', 20, NULL),
(213, 'Nagisachan', '2015-12-05 14:42:10', 'A06', 'F0009', 4, NULL),
(214, 'gcm', '2015-12-05 14:45:07', 'A03', NULL, NULL, NULL),
(215, 'gcm', '2015-12-05 16:52:58', 'A02', NULL, NULL, NULL),
(216, 'testuser', '2015-12-05 16:54:36', 'A02', NULL, NULL, NULL),
(217, 'gcm', '2015-12-05 16:57:29', 'A09', 'F0002', NULL, 'Carbohydrate = 0.05'),
(218, 'gcm', '2015-12-05 16:58:10', 'A09', 'F0002', NULL, 'Vitamin = 0.001'),
(219, 'gcm', '2015-12-05 16:59:27', 'A09', 'F0003', NULL, 'CoolDown = 5'),
(220, 'gcm', '2015-12-05 16:59:58', 'A09', 'F0002', NULL, 'CoolDown = 20'),
(221, 'gcm', '2015-12-05 17:00:29', 'A09', 'F0003', NULL, 'CoolDown = 20'),
(222, 'gcm', '2015-12-05 17:01:30', 'A09', 'F0003', NULL, 'Vitamin = 0.001'),
(223, 'gcm', '2015-12-05 17:01:51', 'A09', 'F0003', NULL, 'Carbohydrate = 0.025'),
(224, 'gcm', '2015-12-05 17:03:26', 'A09', 'F0004', NULL, 'Price = 5'),
(225, 'gcm', '2015-12-05 17:03:34', 'A09', 'F0004', NULL, 'Price = 5'),
(226, 'gcm', '2015-12-05 17:04:00', 'A09', 'F0004', NULL, 'Vitamin = 0.02'),
(227, 'gcm', '2015-12-05 17:04:07', 'A09', 'F0004', NULL, 'CoolDown = 20'),
(228, 'gcm', '2015-12-05 17:05:49', 'A02', NULL, NULL, NULL),
(229, 'gcm', '2015-12-05 17:06:08', 'A03', NULL, NULL, NULL),
(230, 'gcm', '2015-12-05 17:06:55', 'A09', 'F0005', NULL, 'Price = 10'),
(231, 'gcm', '2015-12-05 17:07:08', 'A09', 'F0005', NULL, 'Carbohydrate = 0.03'),
(232, 'gcm', '2015-12-05 17:07:32', 'A09', 'F0005', NULL, 'Protein = 0.01'),
(233, 'gcm', '2015-12-05 17:07:32', 'A02', NULL, NULL, NULL),
(234, 'gcm', '2015-12-05 17:07:48', 'A09', 'F0005', NULL, 'Vitamin = 0.005'),
(235, 'gcm', '2015-12-05 17:07:55', 'A03', NULL, NULL, NULL),
(236, 'gcm', '2015-12-05 17:07:58', 'A09', 'F0005', NULL, 'CoolDown = 20'),
(237, 'gcm', '2015-12-05 17:09:11', 'A09', 'F0006', NULL, 'Fat = 0.05'),
(238, 'gcm', '2015-12-05 17:09:29', 'A02', NULL, NULL, NULL),
(239, 'gcm', '2015-12-05 17:09:35', 'A09', 'F0006', NULL, 'CoolDown = 30'),
(240, 'gcm', '2015-12-05 17:09:36', 'A03', NULL, NULL, NULL),
(241, 'gcm', '2015-12-05 17:13:18', 'A02', NULL, NULL, NULL),
(242, 'gcm', '2015-12-05 17:14:09', 'A09', 'F0007', NULL, 'Price = 20'),
(243, 'gcm', '2015-12-05 17:14:18', 'A09', 'F0007', NULL, 'Carbohydrate = 0.2'),
(244, 'gcm', '2015-12-05 17:14:30', 'A09', 'F0007', NULL, 'CoolDown = 30'),
(245, 'gcm', '2015-12-05 17:16:48', 'A03', NULL, NULL, NULL),
(246, 'gcm', '2015-12-05 17:16:52', 'A09', 'F0008', NULL, 'Price = 15'),
(247, 'gcm', '2015-12-05 17:16:53', 'A02', NULL, NULL, NULL),
(248, 'gcm', '2015-12-05 17:17:03', 'A09', 'F0008', NULL, 'Carbohydrate = 0.1'),
(249, 'gcm', '2015-12-05 17:17:17', 'A09', 'F0008', NULL, 'Protein = 0'),
(250, 'gcm', '2015-12-05 17:17:30', 'A09', 'F0008', NULL, 'Vitamin = 0'),
(251, 'gcm', '2015-12-05 17:17:37', 'A09', 'F0008', NULL, 'CoolDown = 30'),
(252, 'gcm', '2015-12-05 17:18:23', 'A03', NULL, NULL, NULL),
(253, 'gcm', '2015-12-05 17:18:28', 'A02', NULL, NULL, NULL),
(254, 'gcm', '2015-12-05 17:19:09', 'A09', 'F0009', NULL, 'Price = 30'),
(255, 'gcm', '2015-12-05 17:19:21', 'A09', 'F0009', NULL, 'Carbohydrate = 0.5'),
(256, 'gcm', '2015-12-05 17:19:33', 'A09', 'F0009', NULL, 'Vitamin = 0'),
(257, 'gcm', '2015-12-05 17:19:39', 'A09', 'F0009', NULL, 'CoolDown = 60'),
(258, 'gcm', '2015-12-05 17:20:28', 'A09', 'F0010', NULL, 'Carbohydrate = 0.2'),
(259, 'gcm', '2015-12-05 17:20:42', 'A09', 'F0010', NULL, 'CoolDown = 30'),
(260, 'gcm', '2015-12-05 17:22:32', 'A03', NULL, NULL, NULL),
(261, 'gcm', '2015-12-05 17:22:38', 'A02', NULL, NULL, NULL),
(262, 'gcm', '2015-12-05 17:23:55', 'A03', NULL, NULL, NULL),
(263, 'gcm', '2015-12-05 17:24:00', 'A02', NULL, NULL, NULL),
(264, 'gcm', '2015-12-05 17:24:21', 'A08', 'F0024', NULL, NULL),
(265, 'gcm', '2015-12-05 17:26:07', 'A02', NULL, NULL, NULL),
(266, 'gcm', '2015-12-05 17:27:22', 'A08', 'F0025', NULL, NULL),
(267, 'gcm', '2015-12-05 17:29:07', 'A03', NULL, NULL, NULL),
(268, 'gcm', '2015-12-05 17:29:12', 'A02', NULL, NULL, NULL),
(269, 'gcm', '2015-12-05 17:33:54', 'A03', NULL, NULL, NULL),
(270, 'gcm', '2015-12-05 17:33:59', 'A02', NULL, NULL, NULL),
(271, 'gcm', '2015-12-05 17:35:04', 'A03', NULL, NULL, NULL),
(272, 'gcm', '2015-12-05 17:39:55', 'A09', 'F0011', NULL, 'Carbohydrate = 0.3'),
(273, 'gcm', '2015-12-05 17:40:09', 'A09', 'F0011', NULL, 'Protein = 0.1'),
(274, 'gcm', '2015-12-05 17:40:18', 'A09', 'F0011', NULL, 'Fat = 0.3'),
(275, 'gcm', '2015-12-05 17:40:27', 'A09', 'F0011', NULL, 'CoolDown = 60'),
(276, 'gcm', '2015-12-05 17:40:35', 'A09', 'F0011', NULL, 'Weight for Unlock = 50'),
(277, 'gcm', '2015-12-05 17:42:14', 'A09', 'F0012', NULL, 'Price = 35'),
(278, 'gcm', '2015-12-05 17:42:26', 'A09', 'F0012', NULL, 'Carbohydrate = 0.2'),
(279, 'gcm', '2015-12-05 17:42:38', 'A09', 'F0012', NULL, 'Protein = 0.1'),
(280, 'gcm', '2015-12-05 17:42:47', 'A09', 'F0012', NULL, 'Fat = 0.1'),
(281, 'gcm', '2015-12-05 17:42:55', 'A09', 'F0012', NULL, 'CoolDown = 60'),
(282, 'gcm', '2015-12-05 17:43:02', 'A09', 'F0012', NULL, 'Weight for Unlock = 50'),
(283, 'gcm', '2015-12-05 17:45:04', 'A09', 'F0014', NULL, 'Vitamin = 0.01'),
(284, 'gcm', '2015-12-05 17:45:11', 'A09', 'F0014', NULL, 'Weight for Unlock = 50'),
(285, 'gcm', '2015-12-05 17:50:22', 'A09', 'F0015', NULL, 'Price = 10'),
(286, 'gcm', '2015-12-05 17:51:07', 'A09', 'F0015', NULL, 'Protein = 0.01'),
(287, 'gcm', '2015-12-05 17:51:15', 'A09', 'F0015', NULL, 'Carbohydrate = 0'),
(288, 'gcm', '2015-12-05 17:51:25', 'A09', 'F0015', NULL, 'CoolDown = null'),
(289, 'gcm', '2015-12-05 17:51:32', 'A09', 'F0015', NULL, 'Weight for Unlock = 50'),
(290, 'gcm', '2015-12-05 17:51:44', 'A09', 'F0016', NULL, 'CoolDown = 30'),
(291, 'gcm', '2015-12-05 17:51:54', 'A09', 'F0016', NULL, 'Weight for Unlock = 50'),
(292, 'gcm', '2015-12-05 17:52:14', 'A09', 'F0015', NULL, 'CoolDown = 30'),
(297, 'gcm', '2015-12-05 17:57:25', 'A09', 'F0019', NULL, 'Carbohydrate = 0.03'),
(298, 'gcm', '2015-12-05 17:57:34', 'A09', 'F0019', NULL, 'Vitamin = 0'),
(299, 'gcm', '2015-12-05 17:57:42', 'A09', 'F0019', NULL, 'CoolDown = null'),
(300, 'gcm', '2015-12-05 17:57:51', 'A09', 'F0019', NULL, 'Weight for Unlock = 50'),
(301, 'gcm', '2015-12-05 18:02:01', 'A09', 'F0013', NULL, 'Price = 70'),
(302, 'gcm', '2015-12-05 18:02:10', 'A09', 'F0013', NULL, 'Carbohydrate = 0.2'),
(303, 'gcm', '2015-12-05 18:02:25', 'A09', 'F0013', NULL, 'Protein = 0.4'),
(304, 'gcm', '2015-12-05 18:02:38', 'A09', 'F0013', NULL, 'Fat = 0.5'),
(305, 'gcm', '2015-12-05 18:02:46', 'A09', 'F0013', NULL, 'CoolDown = 90'),
(306, 'gcm', '2015-12-05 18:02:53', 'A09', 'F0013', NULL, 'Weight for Unlock = 50'),
(307, 'gcm', '2015-12-05 18:05:08', 'A09', 'F0016', NULL, 'Price = null'),
(308, 'gcm', '2015-12-05 18:05:28', 'A09', 'F0016', NULL, 'Carbohydrate = null'),
(309, 'gcm', '2015-12-05 18:05:39', 'A09', 'F0016', NULL, 'Price = 30'),
(310, 'gcm', '2015-12-05 18:06:11', 'A09', 'F0016', NULL, 'Carbohydrate = null'),
(311, 'gcm', '2015-12-05 18:06:34', 'A09', 'F0016', NULL, 'Protein = 0.04'),
(312, 'gcm', '2015-12-05 18:06:49', 'A09', 'F0016', NULL, 'Fat = 0.01'),
(313, 'gcm', '2015-12-05 18:07:10', 'A09', 'F0016', NULL, 'CoolDown = 60'),
(314, 'gcm', '2015-12-05 18:08:35', 'A09', 'F0017', NULL, 'Price = 60'),
(315, 'gcm', '2015-12-05 18:08:42', 'A09', 'F0017', NULL, 'Carbohydrate = 0.15'),
(316, 'gcm', '2015-12-05 18:08:50', 'A09', 'F0017', NULL, 'Protein = 0.2'),
(317, 'gcm', '2015-12-05 18:09:05', 'A09', 'F0017', NULL, 'Fat = 0.5'),
(318, 'gcm', '2015-12-05 18:09:16', 'A09', 'F0017', NULL, 'CoolDown = 90'),
(319, 'gcm', '2015-12-05 18:09:21', 'A09', 'F0017', NULL, 'Weight for Unlock = 50'),
(320, 'gcm', '2015-12-05 18:11:57', 'A09', 'F0020', NULL, 'Price = 60'),
(321, 'gcm', '2015-12-05 18:12:03', 'A09', 'F0020', NULL, 'Carbohydrate = 0.3'),
(322, 'gcm', '2015-12-05 18:12:12', 'A09', 'F0020', NULL, 'CoolDown = 60'),
(323, 'gcm', '2015-12-05 18:12:17', 'A09', 'F0020', NULL, 'Weight for Unlock = 50'),
(324, 'gcm', '2015-12-05 18:14:52', 'A09', 'F0021', NULL, 'Price = 70'),
(325, 'gcm', '2015-12-05 18:15:24', 'A09', 'F0021', NULL, 'Carbohydrate = 0.5'),
(326, 'gcm', '2015-12-05 18:15:32', 'A09', 'F0021', NULL, 'CoolDown = 90'),
(327, 'gcm', '2015-12-05 18:15:38', 'A09', 'F0021', NULL, 'Weight for Unlock = 50'),
(328, 'gcm', '2015-12-05 18:19:54', 'A09', 'F0022', NULL, 'Price = 60'),
(329, 'gcm', '2015-12-05 18:20:01', 'A09', 'F0022', NULL, 'Carbohydrate = 0.5'),
(330, 'gcm', '2015-12-05 18:20:12', 'A09', 'F0022', NULL, 'Fat = 0.1'),
(331, 'gcm', '2015-12-05 18:20:22', 'A09', 'F0022', NULL, 'CoolDown = 90'),
(332, 'gcm', '2015-12-05 18:20:39', 'A09', 'F0022', NULL, 'Weight for Unlock = 50'),
(333, 'gcm', '2015-12-05 18:24:10', 'A09', 'F0023', NULL, 'Price = 120'),
(334, 'gcm', '2015-12-05 18:24:20', 'A09', 'F0023', NULL, 'Carbohydrate = 0.5'),
(335, 'gcm', '2015-12-05 18:24:28', 'A09', 'F0023', NULL, 'Protein = 0.3'),
(336, 'gcm', '2015-12-05 18:24:35', 'A09', 'F0023', NULL, 'Fat = 0.7'),
(337, 'gcm', '2015-12-05 18:24:44', 'A09', 'F0023', NULL, 'CoolDown = 60'),
(338, 'testuser', '2015-12-05 18:26:12', 'A06', 'F0001', 10, NULL),
(339, 'testuser', '2015-12-05 18:26:23', 'A06', 'F0002', 10, NULL),
(340, 'testuser', '2015-12-05 18:26:35', 'A06', 'F0005', 5, NULL),
(341, 'testuser', '2015-12-05 18:27:04', 'A04', 'F0007', 1, 'Failed'),
(342, 'testuser', '2015-12-05 18:28:06', 'A04', 'F0008', 1, 'Successed'),
(343, 'testuser', '2015-12-05 18:28:16', 'A04', 'F0008', 1, 'Successed'),
(344, 'testuser', '2015-12-05 18:32:27', 'A04', 'F0007', 1, 'Failed'),
(345, 'testuser', '2015-12-05 18:32:38', 'A04', 'F0007', 1, 'Failed'),
(346, 'testuser', '2015-12-05 18:33:16', 'A04', 'F0007', 1, 'Failed'),
(347, 'testuser', '2015-12-05 18:33:28', 'A04', 'F0007', 1, 'Failed'),
(348, 'testuser', '2015-12-05 18:34:07', 'A04', 'F0009', 1, 'Successed'),
(349, 'gcm', '2015-12-05 18:34:13', 'A02', NULL, NULL, NULL),
(350, 'testuser', '2015-12-05 18:34:16', 'A04', 'F0009', 1, 'Successed'),
(351, 'testuser', '2015-12-05 18:34:29', 'A07', 'F0009', 1, NULL),
(352, 'testuser', '2015-12-05 18:34:40', 'A05', 'F0009', 1, NULL),
(353, 'testuser', '2015-12-05 18:35:02', 'A06', 'F0003', 10, NULL),
(354, 'testuser', '2015-12-05 18:35:14', 'A04', 'F0025', 1, 'Successed'),
(355, 'testuser', '2015-12-05 18:35:24', 'A04', 'F0025', 1, 'Successed'),
(356, 'testuser', '2015-12-05 18:35:32', 'A04', 'F0025', 1, 'Successed'),
(357, 'testuser', '2015-12-05 18:35:38', 'A04', 'F0025', 1, 'Successed'),
(358, 'testuser', '2015-12-05 18:35:54', 'A07', 'F0025', 4, NULL),
(359, 'testuser', '2015-12-05 18:36:02', 'A03', NULL, NULL, NULL),
(360, 'gcm', '2015-12-05 18:42:07', 'A03', NULL, NULL, NULL),
(361, 'gcm', '2015-12-05 18:50:36', 'A03', NULL, NULL, NULL),
(362, 'player', '2015-12-05 18:50:44', 'A02', NULL, NULL, NULL),
(363, 'player', '2015-12-05 18:50:51', 'A06', 'F0001', 1, NULL),
(364, 'player', '2015-12-05 18:50:59', 'A06', 'F0002', 1, NULL),
(365, 'player', '2015-12-05 18:51:12', 'A04', 'F0010', 1, 'Successed'),
(366, 'player', '2015-12-05 18:51:38', 'A04', 'F0007', 1, 'Successed'),
(367, 'player', '2015-12-05 18:51:55', 'A03', NULL, NULL, NULL),
(368, 'player', '2015-12-05 21:26:58', 'A02', NULL, NULL, NULL),
(369, 'player', '2015-12-05 21:27:40', 'A05', 'F0007', 6, NULL),
(370, 'player', '2015-12-05 21:29:36', 'A05', 'F0007', 4, NULL),
(371, 'player', '2015-12-05 21:29:40', 'A05', 'F0010', 2, NULL),
(372, 'player', '2015-12-05 21:30:13', 'A06', 'F0009', 6, NULL),
(373, 'player', '2015-12-05 21:30:28', 'A05', 'F0009', 6, NULL),
(374, 'player', '2015-12-05 21:32:26', 'A03', NULL, NULL, NULL),
(375, 'player', '2015-12-05 21:33:19', 'A02', NULL, NULL, NULL),
(376, 'player', '2015-12-05 21:36:42', 'A06', 'F0021', 22, NULL),
(377, 'player', '2015-12-05 21:36:50', 'A05', 'F0021', 20, NULL),
(378, 'player', '2015-12-05 21:39:48', 'A03', NULL, NULL, NULL),
(379, 'Player', '2015-12-05 21:39:57', 'A02', NULL, NULL, NULL),
(380, 'Player', '2015-12-05 21:40:41', 'A03', NULL, NULL, NULL),
(381, 'player', '2015-12-05 23:31:17', 'A02', NULL, NULL, NULL),
(382, 'player', '2015-12-05 23:33:13', 'A03', NULL, NULL, NULL),
(383, 'gcm', '2015-12-06 04:18:20', 'A02', NULL, NULL, NULL),
(384, 'gcm', '2015-12-06 04:19:10', 'A03', NULL, NULL, NULL),
(385, 'testuser', '2015-12-06 04:19:19', 'A02', NULL, NULL, NULL),
(386, 'testuser', '2015-12-06 04:19:40', 'A04', 'F0010', 1, 'Successed'),
(387, 'testuser', '2015-12-06 04:19:49', 'A04', 'F0010', 1, 'Successed'),
(388, 'testuser', '2015-12-06 04:20:10', 'A04', 'F0025', 1, 'Successed'),
(389, 'testuser', '2015-12-06 04:20:18', 'A04', 'F0025', 1, 'Successed'),
(390, 'testuser', '2015-12-06 04:20:25', 'A04', 'F0025', 1, 'Successed'),
(391, 'testuser', '2015-12-06 04:20:34', 'A04', 'F0025', 1, 'Successed'),
(392, 'testuser', '2015-12-06 04:20:54', 'A04', 'F0008', 1, 'Successed'),
(393, 'testuser', '2015-12-06 04:21:01', 'A04', 'F0008', 1, 'Successed'),
(394, 'testuser', '2015-12-06 04:21:09', 'A04', 'F0008', 1, 'Successed'),
(395, 'testuser', '2015-12-06 04:21:22', 'A06', 'F0001', 20, NULL),
(396, 'testuser', '2015-12-06 04:21:48', 'A04', 'F0009', 1, 'Successed'),
(397, 'testuser', '2015-12-06 04:21:57', 'A04', 'F0009', 1, 'Successed'),
(398, 'testuser', '2015-12-06 04:22:05', 'A04', 'F0009', 1, 'Successed'),
(399, 'testuser', '2015-12-06 04:22:48', 'A05', 'F0009', 3, NULL),
(400, 'testuser', '2015-12-06 04:23:33', 'A07', 'F0025', 4, NULL),
(401, 'testuser', '2015-12-06 04:23:45', 'A03', NULL, NULL, NULL),
(402, 'gcm', '2015-12-06 04:23:52', 'A02', NULL, NULL, NULL),
(403, 'gcm', '2015-12-06 04:24:26', 'A09', 'F0011', NULL, 'Weight for Unlock = 15'),
(404, 'gcm', '2015-12-06 04:24:33', 'A09', 'F0012', NULL, 'Weight for Unlock = 15'),
(405, 'gcm', '2015-12-06 04:24:39', 'A09', 'F0013', NULL, 'Weight for Unlock = 15'),
(406, 'gcm', '2015-12-06 04:24:45', 'A09', 'F0014', NULL, 'Weight for Unlock = 15'),
(407, 'gcm', '2015-12-06 04:24:50', 'A09', 'F0015', NULL, 'Weight for Unlock = 15'),
(408, 'gcm', '2015-12-06 04:24:54', 'A09', 'F0016', NULL, 'Weight for Unlock = 15'),
(409, 'gcm', '2015-12-06 04:24:59', 'A09', 'F0017', NULL, 'Weight for Unlock = 15'),
(411, 'gcm', '2015-12-06 04:25:17', 'A09', 'F0019', NULL, 'Weight for Unlock = 15'),
(412, 'gcm', '2015-12-06 04:25:22', 'A09', 'F0020', NULL, 'Weight for Unlock = 15'),
(413, 'gcm', '2015-12-06 04:25:28', 'A09', 'F0021', NULL, 'Weight for Unlock = 15'),
(414, 'gcm', '2015-12-06 04:25:34', 'A09', 'F0022', NULL, 'Weight for Unlock = 15'),
(415, 'gcm', '2015-12-06 04:25:38', 'A09', 'F0023', NULL, 'Weight for Unlock = 7'),
(416, 'gcm', '2015-12-06 04:26:49', 'A03', NULL, NULL, NULL),
(417, 'testuser', '2015-12-06 04:27:00', 'A02', NULL, NULL, NULL),
(418, 'testuser', '2015-12-06 04:27:27', 'A04', 'F0007', 1, 'Successed'),
(419, 'testuser', '2015-12-06 04:27:39', 'A04', 'F0007', 1, 'Successed'),
(420, 'testuser', '2015-12-06 04:27:47', 'A04', 'F0007', 1, 'Successed'),
(421, 'testuser', '2015-12-06 04:27:56', 'A04', 'F0025', 1, 'Successed'),
(422, 'testuser', '2015-12-06 04:28:08', 'A04', 'F0025', 1, 'Successed'),
(423, 'testuser', '2015-12-06 04:28:25', 'A07', 'F0025', 2, NULL),
(424, 'testuser', '2015-12-06 04:28:30', 'A07', 'F0007', 3, NULL),
(425, 'testuser', '2015-12-06 04:28:47', 'A06', 'F0003', 10, NULL),
(426, 'testuser', '2015-12-06 04:28:52', 'A06', 'F0005', 10, NULL),
(427, 'testuser', '2015-12-06 04:29:03', 'A06', 'F0008', 10, NULL),
(428, 'testuser', '2015-12-06 04:29:11', 'A06', 'F0001', 10, NULL),
(429, 'testuser', '2015-12-06 04:29:22', 'A04', 'F0008', 1, 'Successed'),
(430, 'testuser', '2015-12-06 04:29:30', 'A04', 'F0008', 1, 'Successed'),
(431, 'testuser', '2015-12-06 04:29:47', 'A04', 'F0008', 1, 'Successed'),
(432, 'testuser', '2015-12-06 04:29:54', 'A04', 'F0008', 1, 'Successed'),
(433, 'testuser', '2015-12-06 04:30:02', 'A04', 'F0008', 1, 'Successed'),
(434, 'testuser', '2015-12-06 04:30:08', 'A04', 'F0008', 1, 'Successed'),
(435, 'testuser', '2015-12-06 04:30:15', 'A04', 'F0008', 1, 'Successed'),
(436, 'testuser', '2015-12-06 04:30:22', 'A04', 'F0008', 1, 'Successed'),
(437, 'testuser', '2015-12-06 04:30:30', 'A04', 'F0008', 1, 'Successed'),
(438, 'testuser', '2015-12-06 04:30:37', 'A04', 'F0008', 1, 'Successed'),
(439, 'testuser', '2015-12-06 04:30:46', 'A04', 'F0009', 1, 'Successed'),
(440, 'testuser', '2015-12-06 04:30:54', 'A04', 'F0009', 1, 'Successed'),
(441, 'testuser', '2015-12-06 04:31:01', 'A04', 'F0009', 1, 'Successed'),
(442, 'testuser', '2015-12-06 04:31:08', 'A04', 'F0009', 1, 'Successed'),
(443, 'testuser', '2015-12-06 04:31:14', 'A04', 'F0009', 1, 'Successed'),
(444, 'testuser', '2015-12-06 04:31:20', 'A04', 'F0009', 1, 'Successed'),
(445, 'testuser', '2015-12-06 04:31:38', 'A04', 'F0009', 1, 'Successed'),
(446, 'testuser', '2015-12-06 04:31:45', 'A04', 'F0009', 1, 'Successed'),
(447, 'testuser', '2015-12-06 04:31:52', 'A04', 'F0009', 1, 'Successed'),
(448, 'testuser', '2015-12-06 04:32:00', 'A04', 'F0009', 1, 'Successed'),
(449, 'testuser', '2015-12-06 04:32:07', 'A04', 'F0009', 1, 'Successed'),
(450, 'testuser', '2015-12-06 04:32:19', 'A04', 'F0009', 1, 'Successed'),
(451, 'testuser', '2015-12-06 04:32:27', 'A04', 'F0009', 1, 'Successed'),
(452, 'testuser', '2015-12-06 04:32:34', 'A04', 'F0009', 1, 'Successed'),
(453, 'testuser', '2015-12-06 04:32:42', 'A04', 'F0009', 1, 'Successed'),
(454, 'testuser', '2015-12-06 04:32:50', 'A04', 'F0009', 1, 'Successed'),
(455, 'testuser', '2015-12-06 04:32:59', 'A04', 'F0009', 1, 'Successed'),
(456, 'testuser', '2015-12-06 04:33:08', 'A04', 'F0009', 1, 'Successed'),
(457, 'testuser', '2015-12-06 04:33:19', 'A04', 'F0009', 1, 'Successed'),
(458, 'testuser', '2015-12-06 04:33:28', 'A04', 'F0009', 1, 'Successed'),
(459, 'testuser', '2015-12-06 04:33:42', 'A04', 'F0025', 1, 'Successed'),
(460, 'testuser', '2015-12-06 04:34:04', 'A04', 'F0025', 1, 'Successed'),
(461, 'testuser', '2015-12-06 04:34:12', 'A04', 'F0025', 1, 'Successed'),
(462, 'testuser', '2015-12-06 04:34:19', 'A04', 'F0025', 1, 'Successed'),
(463, 'testuser', '2015-12-06 04:34:28', 'A04', 'F0025', 1, 'Successed'),
(464, 'testuser', '2015-12-06 04:34:35', 'A04', 'F0025', 1, 'Successed'),
(465, 'testuser', '2015-12-06 04:34:43', 'A04', 'F0025', 1, 'Successed'),
(466, 'testuser', '2015-12-06 04:34:51', 'A04', 'F0025', 1, 'Successed'),
(467, 'testuser', '2015-12-06 04:34:58', 'A04', 'F0025', 1, 'Successed'),
(468, 'testuser', '2015-12-06 04:35:05', 'A04', 'F0025', 1, 'Successed'),
(469, 'testuser', '2015-12-06 04:35:40', 'A07', 'F0025', 10, NULL),
(470, 'testuser', '2015-12-06 04:36:00', 'A05', 'F0009', 20, NULL),
(471, 'testuser', '2015-12-06 04:36:11', 'A03', NULL, NULL, NULL),
(472, 'gcm', '2015-12-06 04:36:16', 'A02', NULL, NULL, NULL),
(473, 'gcm', '2015-12-06 04:40:29', 'A03', NULL, NULL, NULL),
(474, 'kikiki39', '2015-12-06 04:48:23', 'A02', NULL, NULL, NULL),
(475, 'gcm', '2015-12-06 04:52:59', 'A02', NULL, NULL, NULL),
(476, 'kikiki39', '2015-12-06 04:53:09', 'A06', 'F0004', 10, NULL),
(477, 'kikiki39', '2015-12-06 04:53:17', 'A06', 'F0003', 10, NULL),
(478, 'kikiki39', '2015-12-06 04:53:25', 'A06', 'F0005', 10, NULL),
(479, 'kikiki39', '2015-12-06 04:53:30', 'A06', 'F0006', 10, NULL),
(480, 'kikiki39', '2015-12-06 04:53:33', 'A06', 'F0008', 10, NULL),
(481, 'kikiki39', '2015-12-06 04:53:48', 'A06', 'F0025', 1, NULL),
(482, 'kikiki39', '2015-12-06 04:53:50', 'A06', 'F0025', 1, NULL),
(484, 'kikiki39', '2015-12-06 04:55:16', 'A05', 'F0003', 7, NULL),
(485, 'kikiki39', '2015-12-06 04:55:22', 'A05', 'F0004', 8, NULL),
(486, 'kikiki39', '2015-12-06 04:55:22', 'A05', 'F0004', 8, NULL),
(487, 'kikiki39', '2015-12-06 04:55:30', 'A05', 'F0005', 7, NULL),
(488, 'kikiki39', '2015-12-06 04:55:33', 'A05', 'F0006', 8, NULL),
(489, 'kikiki39', '2015-12-06 04:55:36', 'A05', 'F0008', 7, NULL),
(490, 'kikiki39', '2015-12-06 04:55:39', 'A05', 'F0025', 1, NULL),
(492, 'gcm', '2015-12-06 04:56:14', 'A03', NULL, NULL, NULL),
(493, 'gcm', '2015-12-06 04:57:36', 'A02', NULL, NULL, NULL),
(494, 'KengJaem', '2015-12-06 04:57:36', 'A02', NULL, NULL, NULL),
(495, 'KengJaem', '2015-12-06 04:58:17', 'A06', 'F0003', 10, NULL),
(496, 'KengJaem', '2015-12-06 04:58:40', 'A06', 'F0006', 5, NULL),
(497, 'KengJaem', '2015-12-06 05:01:39', 'A04', 'F0025', 1, 'Successed'),
(498, 'KengJaem', '2015-12-06 05:01:56', 'A04', 'F0025', 1, 'Successed'),
(499, 'KengJaem', '2015-12-06 05:02:07', 'A06', 'F0002', 3, NULL),
(500, 'earthza65', '2015-12-06 05:02:16', 'A02', NULL, NULL, NULL),
(501, 'KengJaem', '2015-12-06 05:03:34', 'A07', 'F0025', 2, NULL),
(502, 'KengJaem', '2015-12-06 05:03:44', 'A05', 'F0006', 4, NULL),
(503, 'KengJaem', '2015-12-06 05:04:11', 'A03', NULL, NULL, NULL),
(504, 'KengJaem', '2015-12-06 05:04:41', 'A02', NULL, NULL, NULL),
(505, 'KengJaem', '2015-12-06 05:04:53', 'A04', 'F0025', 1, 'Successed'),
(506, 'KengJaem', '2015-12-06 05:05:07', 'A04', 'F0025', 1, 'Successed'),
(507, 'KengJaem', '2015-12-06 05:05:13', 'A04', 'F0025', 1, 'Successed'),
(508, 'KengJaem', '2015-12-06 05:05:19', 'A04', 'F0025', 1, 'Successed'),
(509, 'KengJaem', '2015-12-06 05:05:25', 'A04', 'F0025', 1, 'Successed'),
(510, 'KengJaem', '2015-12-06 05:05:40', 'A04', 'F0025', 1, 'Successed'),
(511, 'KengJaem', '2015-12-06 05:05:51', 'A07', 'F0025', 6, NULL),
(512, 'earthza65', '2015-12-06 05:06:02', 'A06', 'F0010', 1, NULL),
(513, 'earthza65', '2015-12-06 05:06:18', 'A06', 'F0004', 3, NULL),
(514, 'KengJaem', '2015-12-06 05:06:21', 'A06', 'F0004', 3, NULL),
(515, 'KengJaem', '2015-12-06 05:06:27', 'A06', 'F0001', 3, NULL),
(516, 'earthza65', '2015-12-06 05:06:44', 'A05', 'F0004', 2, NULL),
(517, 'earthza65', '2015-12-06 05:06:56', 'A03', NULL, NULL, NULL),
(518, 'KengJaem', '2015-12-06 05:07:00', 'A05', 'F0001', 2, NULL),
(519, 'KengJaem', '2015-12-06 05:07:01', 'A05', 'F0001', 2, NULL),
(520, 'KengJaem', '2015-12-06 05:07:09', 'A05', 'F0002', 1, NULL),
(521, 'KengJaem', '2015-12-06 05:07:15', 'A05', 'F0004', 1, NULL),
(522, 'Keykun02', '2015-12-06 05:08:25', 'A02', NULL, NULL, NULL),
(523, 'Keykun02', '2015-12-06 05:09:03', 'A06', 'F0001', 1, NULL),
(524, 'Keykun02', '2015-12-06 05:09:32', 'A06', 'F0009', 1, NULL),
(525, 'Keykun02', '2015-12-06 05:09:42', 'A05', 'F0009', 1, NULL),
(526, 'Keykun02', '2015-12-06 05:09:49', 'A03', NULL, NULL, NULL),
(527, 'gcm', '2015-12-06 05:25:33', 'A03', NULL, NULL, NULL),
(528, 'player', '2015-12-06 07:05:50', 'A02', NULL, NULL, NULL),
(529, 'player', '2015-12-06 07:06:01', 'A03', NULL, NULL, NULL),
(530, 'gcm', '2015-12-06 07:06:18', 'A02', NULL, NULL, NULL),
(531, 'gcm', '2015-12-06 07:13:00', 'A03', NULL, NULL, NULL),
(532, 'player', '2015-12-06 07:13:08', 'A02', NULL, NULL, NULL),
(533, 'player', '2015-12-06 07:13:37', 'A03', NULL, NULL, NULL),
(534, 'bobo1234', '2015-12-06 07:23:07', 'A02', NULL, NULL, NULL),
(535, 'player', '2015-12-06 08:14:12', 'A02', NULL, NULL, NULL),
(536, '12345678', '2015-12-06 09:52:42', 'A02', NULL, NULL, NULL),
(537, '12345678', '2015-12-06 09:53:36', 'A03', NULL, NULL, NULL),
(538, 'gcm', '2015-12-06 09:55:10', 'A02', NULL, NULL, NULL),
(539, 'gcm', '2015-12-06 09:57:05', 'A03', NULL, NULL, NULL),
(540, 'gcm', '2015-12-06 09:59:56', 'A02', NULL, NULL, NULL),
(541, 'gcm', '2015-12-06 10:01:46', 'A03', NULL, NULL, NULL),
(542, 'testuser', '2015-12-06 10:02:07', 'A02', NULL, NULL, NULL),
(543, 'testuser', '2015-12-06 10:02:51', 'A06', 'F0005', 10, NULL),
(544, 'testuser', '2015-12-06 10:02:59', 'A06', 'F0001', 10, NULL),
(545, 'testuser', '2015-12-06 10:03:17', 'A04', 'F0008', 1, 'Successed'),
(546, 'testuser', '2015-12-06 10:03:25', 'A04', 'F0008', 1, 'Successed'),
(547, 'testuser', '2015-12-06 10:03:33', 'A04', 'F0008', 1, 'Successed'),
(548, 'testuser', '2015-12-06 10:03:42', 'A04', 'F0008', 1, 'Successed'),
(549, 'testuser', '2015-12-06 10:03:49', 'A04', 'F0008', 1, 'Successed'),
(550, 'testuser', '2015-12-06 10:03:56', 'A04', 'F0008', 1, 'Successed'),
(551, 'testuser', '2015-12-06 10:04:02', 'A04', 'F0008', 1, 'Successed'),
(552, 'testuser', '2015-12-06 10:04:12', 'A04', 'F0008', 1, 'Successed'),
(553, 'testuser', '2015-12-06 10:04:45', 'A04', 'F0008', 1, 'Successed'),
(554, 'testuser', '2015-12-06 10:04:54', 'A04', 'F0009', 1, 'Successed'),
(555, 'testuser', '2015-12-06 10:05:01', 'A04', 'F0009', 1, 'Successed'),
(556, 'testuser', '2015-12-06 10:05:08', 'A04', 'F0009', 1, 'Successed'),
(557, 'testuser', '2015-12-06 10:05:26', 'A04', 'F0009', 1, 'Successed'),
(558, 'testuser', '2015-12-06 10:05:38', 'A04', 'F0009', 1, 'Successed'),
(559, 'testuser', '2015-12-06 10:05:46', 'A04', 'F0009', 1, 'Successed'),
(560, 'testuser', '2015-12-06 10:06:03', 'A04', 'F0009', 1, 'Successed'),
(561, 'testuser', '2015-12-06 10:06:10', 'A04', 'F0009', 1, 'Successed'),
(562, 'testuser', '2015-12-06 10:06:19', 'A04', 'F0009', 1, 'Successed'),
(563, 'testuser', '2015-12-06 10:06:35', 'A07', 'F0009', 9, NULL),
(564, 'testuser', '2015-12-06 10:07:08', 'A06', 'F0006', 20, NULL),
(565, 'testuser', '2015-12-06 10:07:18', 'A05', 'F0006', 20, NULL),
(566, 'testuser', '2015-12-06 10:08:26', 'A03', NULL, NULL, NULL),
(567, 'gcm', '2015-12-06 10:08:35', 'A02', NULL, NULL, NULL),
(568, 'gcm', '2015-12-06 10:09:33', 'A03', NULL, NULL, NULL),
(569, 'gcm', '2015-12-06 10:09:39', 'A02', NULL, NULL, NULL),
(570, 'gcm', '2015-12-06 10:09:43', 'A02', NULL, NULL, NULL),
(571, 'gcm', '2015-12-06 10:11:25', 'A03', NULL, NULL, NULL),
(572, 'gcm', '2015-12-06 10:12:20', 'A03', NULL, NULL, NULL),
(573, 'testuser', '2015-12-06 10:14:35', 'A02', NULL, NULL, NULL),
(574, 'testuser', '2015-12-06 10:14:56', 'A06', 'F0005', 20, NULL),
(575, 'testuser', '2015-12-06 10:15:08', 'A06', 'F0001', 14, NULL),
(576, 'testuser', '2015-12-06 10:15:27', 'A04', 'F0008', 1, 'Successed'),
(577, 'testuser', '2015-12-06 10:15:36', 'A04', 'F0008', 1, 'Successed'),
(578, 'testuser', '2015-12-06 10:15:42', 'A04', 'F0008', 1, 'Successed'),
(579, 'testuser', '2015-12-06 10:15:51', 'A04', 'F0008', 1, 'Successed'),
(580, 'testuser', '2015-12-06 10:15:59', 'A04', 'F0008', 1, 'Successed'),
(581, 'testuser', '2015-12-06 10:16:05', 'A04', 'F0008', 1, 'Successed'),
(582, 'testuser', '2015-12-06 10:16:11', 'A04', 'F0008', 1, 'Successed'),
(583, 'testuser', '2015-12-06 10:16:16', 'A04', 'F0008', 1, 'Successed'),
(584, 'testuser', '2015-12-06 10:16:23', 'A04', 'F0008', 1, 'Successed'),
(585, 'testuser', '2015-12-06 10:16:29', 'A04', 'F0008', 1, 'Successed'),
(586, 'testuser', '2015-12-06 10:16:36', 'A04', 'F0008', 1, 'Successed'),
(587, 'testuser', '2015-12-06 10:16:42', 'A04', 'F0008', 1, 'Successed'),
(588, 'testuser', '2015-12-06 10:16:49', 'A04', 'F0008', 1, 'Successed'),
(589, 'testuser', '2015-12-06 10:16:54', 'A04', 'F0008', 1, 'Successed'),
(590, 'testuser', '2015-12-06 10:17:01', 'A04', 'F0008', 1, 'Successed'),
(591, 'testuser', '2015-12-06 10:17:09', 'A04', 'F0008', 1, 'Successed'),
(592, 'testuser', '2015-12-06 10:17:16', 'A04', 'F0008', 1, 'Successed'),
(593, 'testuser', '2015-12-06 10:17:22', 'A04', 'F0008', 1, 'Successed'),
(594, 'testuser', '2015-12-06 10:17:33', 'A04', 'F0008', 1, 'Successed'),
(595, 'testuser', '2015-12-06 10:18:08', 'A04', 'F0009', 1, 'Successed'),
(596, 'testuser', '2015-12-06 10:18:16', 'A04', 'F0009', 1, 'Successed'),
(597, 'testuser', '2015-12-06 10:18:24', 'A04', 'F0009', 1, 'Successed'),
(598, 'testuser', '2015-12-06 10:18:30', 'A04', 'F0009', 1, 'Successed'),
(599, 'testuser', '2015-12-06 10:18:37', 'A04', 'F0009', 1, 'Successed'),
(600, 'testuser', '2015-12-06 10:18:43', 'A04', 'F0009', 1, 'Successed'),
(601, 'testuser', '2015-12-06 10:18:49', 'A04', 'F0009', 1, 'Successed'),
(602, 'testuser', '2015-12-06 10:18:57', 'A04', 'F0009', 1, 'Successed'),
(603, 'testuser', '2015-12-06 10:19:05', 'A04', 'F0009', 1, 'Successed'),
(604, 'testuser', '2015-12-06 10:19:11', 'A04', 'F0009', 1, 'Successed'),
(605, 'testuser', '2015-12-06 10:19:19', 'A04', 'F0009', 1, 'Successed'),
(606, 'testuser', '2015-12-06 10:19:25', 'A04', 'F0009', 1, 'Successed'),
(607, 'testuser', '2015-12-06 10:19:33', 'A04', 'F0009', 1, 'Successed'),
(608, 'testuser', '2015-12-06 10:19:40', 'A04', 'F0009', 1, 'Successed'),
(609, 'testuser', '2015-12-06 10:19:50', 'A04', 'F0009', 1, 'Successed'),
(610, 'testuser', '2015-12-06 10:19:58', 'A04', 'F0009', 1, 'Successed'),
(611, 'testuser', '2015-12-06 10:20:06', 'A04', 'F0009', 1, 'Successed'),
(612, 'testuser', '2015-12-06 10:20:13', 'A04', 'F0009', 1, 'Successed'),
(613, 'testuser', '2015-12-06 10:20:20', 'A04', 'F0009', 1, 'Successed'),
(614, 'testuser', '2015-12-06 10:20:35', 'A06', 'F0006', 1, NULL),
(615, 'gcm', '2015-12-06 10:21:13', 'A02', NULL, NULL, NULL),
(616, 'gcm', '2015-12-06 10:21:35', 'A09', 'F0022', NULL, 'Weight for Unlock = 4'),
(617, 'testuser', '2015-12-06 10:21:54', 'A06', 'F0006', 5, NULL),
(618, 'testuser', '2015-12-06 10:25:32', 'A04', 'F0022', 1, 'Successed'),
(619, 'testuser', '2015-12-06 10:25:38', 'A04', 'F0022', 1, 'Successed'),
(620, 'testuser', '2015-12-06 10:25:52', 'A05', 'F0022', 2, NULL),
(621, 'testuser', '2015-12-06 10:27:31', 'A04', 'F0022', 1, 'Successed'),
(622, 'testuser', '2015-12-06 10:27:36', 'A04', 'F0022', 1, 'Successed'),
(623, 'testuser', '2015-12-06 10:27:42', 'A04', 'F0022', 1, 'Successed'),
(624, 'testuser', '2015-12-06 10:28:01', 'A07', 'F0009', 10, NULL),
(625, 'testuser', '2015-12-06 10:28:09', 'A05', 'F0009', 1, NULL),
(626, 'testuser', '2015-12-06 10:28:15', 'A05', 'F0022', 3, NULL),
(627, 'testuser', '2015-12-06 10:28:23', 'A03', NULL, NULL, NULL),
(628, 'gcm', '2015-12-06 10:28:31', 'A03', NULL, NULL, NULL),
(629, 'gcm', '2015-12-06 10:32:05', 'A02', NULL, NULL, NULL),
(630, 'gcm', '2015-12-06 10:32:51', 'A09', 'F0014', NULL, 'CoolDown = 60'),
(631, 'gcm', '2015-12-06 10:33:00', 'A09', 'F0019', NULL, 'CoolDown = 60'),
(632, 'gcm', '2015-12-06 10:33:13', 'A09', 'F0001', NULL, 'CoolDown = 5'),
(633, 'gcm', '2015-12-06 10:46:05', 'A03', NULL, NULL, NULL),
(634, 'testuser', '2015-12-06 10:46:48', 'A02', NULL, NULL, NULL),
(635, 'testuser', '2015-12-06 10:47:04', 'A03', NULL, NULL, NULL),
(636, 'player', '2015-12-06 11:36:45', 'A02', NULL, NULL, NULL),
(637, 'player', '2015-12-06 12:45:22', 'A02', NULL, NULL, NULL),
(638, 'player', '2015-12-06 12:56:05', 'A11', NULL, NULL, NULL),
(639, 'player', '2015-12-06 12:56:13', 'A11', NULL, NULL, NULL),
(640, 'player', '2015-12-06 12:56:16', 'A11', NULL, NULL, NULL),
(641, 'player', '2015-12-06 12:56:23', 'A11', NULL, NULL, NULL),
(642, 'player', '2015-12-06 12:56:40', 'A11', NULL, NULL, NULL),
(643, 'player', '2015-12-06 12:59:23', 'A11', NULL, NULL, NULL),
(644, 'player', '2015-12-06 12:59:33', 'A11', NULL, NULL, NULL),
(645, 'player', '2015-12-06 13:01:44', 'A11', NULL, NULL, NULL),
(646, 'player', '2015-12-06 13:02:11', 'A11', NULL, NULL, NULL),
(647, 'player', '2015-12-06 13:03:53', 'A11', NULL, NULL, NULL),
(648, 'player', '2015-12-06 13:04:10', 'A03', NULL, NULL, NULL),
(649, 'bobo1234', '2015-12-06 13:05:16', 'A02', NULL, NULL, NULL),
(650, 'bobo1234', '2015-12-06 13:05:22', 'A11', NULL, NULL, NULL),
(651, 'bobo1234', '2015-12-06 13:07:17', 'A05', 'F0019', 100, NULL),
(652, 'bobo1234', '2015-12-06 13:07:23', 'A03', NULL, NULL, NULL),
(653, 'player', '2015-12-06 13:07:30', 'A02', NULL, NULL, NULL),
(654, 'player', '2015-12-06 13:07:35', 'A03', NULL, NULL, NULL),
(655, 'player', '2015-12-06 13:45:05', 'A02', NULL, NULL, NULL),
(656, 'player', '2015-12-06 13:45:09', 'A11', NULL, NULL, NULL),
(657, 'player', '2015-12-06 13:45:25', 'A04', 'F0007', 1, 'Successed'),
(658, 'player', '2015-12-06 13:45:37', 'A04', 'F0007', 1, 'Successed'),
(659, 'player', '2015-12-06 13:46:08', 'A07', 'F0001', 90, NULL),
(660, 'player', '2015-12-06 13:46:21', 'A11', NULL, NULL, NULL),
(661, 'player', '2015-12-06 13:46:23', 'A03', NULL, NULL, NULL),
(662, 'username', '2015-12-06 13:50:09', 'A02', NULL, NULL, NULL),
(663, 'username', '2015-12-06 13:51:13', 'A11', NULL, NULL, NULL),
(664, 'username', '2015-12-06 13:51:54', 'A11', NULL, NULL, NULL),
(665, 'bobo1234', '2015-12-06 13:57:26', 'A02', NULL, NULL, NULL),
(666, 'username', '2015-12-06 13:57:28', 'A05', 'F0001', 12, NULL),
(667, 'bobo1234', '2015-12-06 13:57:29', 'A11', NULL, NULL, NULL),
(668, 'bobo1234', '2015-12-06 13:57:38', 'A11', NULL, NULL, NULL),
(669, 'username', '2015-12-06 13:58:18', 'A05', 'F0015', 1, NULL),
(670, 'username', '2015-12-06 13:58:55', 'A05', 'F0019', 3, NULL),
(671, 'bobo1234', '2015-12-06 13:59:10', 'A05', 'F0001', 99, NULL),
(672, 'bobo1234', '2015-12-06 13:59:18', 'A05', 'F0002', 99, NULL),
(673, 'bobo1234', '2015-12-06 13:59:26', 'A03', NULL, NULL, NULL),
(674, 'username', '2015-12-06 13:59:42', 'A06', 'F0002', 2, NULL),
(675, 'username', '2015-12-06 13:59:54', 'A06', 'F0007', 9, NULL),
(676, 'username', '2015-12-06 14:00:03', 'A06', 'F0009', 1, NULL),
(677, 'username', '2015-12-06 14:00:04', 'A06', 'F0010', 1, NULL),
(678, 'username', '2015-12-06 14:00:09', 'A06', 'F0024', 2, NULL),
(679, 'username', '2015-12-06 14:00:11', 'A06', 'F0022', 2, NULL),
(680, 'username', '2015-12-06 14:00:21', 'A06', 'F0022', 1, NULL),
(681, 'username', '2015-12-06 14:00:35', 'A07', 'F0002', 1, NULL),
(682, 'username', '2015-12-06 14:01:15', 'A04', 'F0022', 1, 'Successed'),
(683, 'username', '2015-12-06 14:02:11', 'A04', 'F0017', 1, 'Successed'),
(684, 'username', '2015-12-06 14:02:16', 'A04', 'F0016', 1, 'Successed'),
(685, 'username', '2015-12-06 14:04:42', 'A07', 'F0001', 14, NULL),
(686, 'username', '2015-12-06 14:04:55', 'A07', 'F0002', 8, NULL),
(687, 'username', '2015-12-06 14:05:03', 'A07', 'F0004', 7, NULL),
(688, 'username', '2015-12-06 14:05:51', 'A06', 'F0002', 1, NULL),
(689, 'username', '2015-12-06 14:05:57', 'A06', 'F0006', 3, NULL),
(690, 'username', '2015-12-06 14:06:09', 'A06', 'F0008', 2, NULL),
(691, 'username', '2015-12-06 14:06:14', 'A06', 'F0010', 2, NULL),
(692, 'username', '2015-12-06 14:07:22', 'A04', 'F0017', 1, 'Successed'),
(693, 'username', '2015-12-06 14:09:50', 'A03', NULL, NULL, NULL),
(694, 'player', '2015-12-06 14:13:22', 'A02', NULL, NULL, NULL),
(695, 'player', '2015-12-06 14:13:25', 'A11', NULL, NULL, NULL),
(696, 'l-_-llll', '2015-12-06 14:15:24', 'A02', NULL, NULL, NULL),
(697, 'player', '2015-12-06 14:16:17', 'A04', 'F0007', 1, 'Successed'),
(698, 'l-_-llll', '2015-12-06 14:18:10', 'A11', NULL, NULL, NULL),
(699, 'l-_-llll', '2015-12-06 14:18:12', 'A11', NULL, NULL, NULL),
(700, 'l-_-llll', '2015-12-06 14:18:28', 'A11', NULL, NULL, NULL),
(701, 'l-_-llll', '2015-12-06 14:18:30', 'A11', NULL, NULL, NULL),
(702, 'l-_-llll', '2015-12-06 14:18:33', 'A11', NULL, NULL, NULL),
(703, 'l-_-llll', '2015-12-06 14:18:36', 'A11', NULL, NULL, NULL),
(704, 'l-_-llll', '2015-12-06 14:18:39', 'A11', NULL, NULL, NULL),
(705, 'l-_-llll', '2015-12-06 14:18:41', 'A11', NULL, NULL, NULL),
(706, 'l-_-llll', '2015-12-06 14:19:23', 'A11', NULL, NULL, NULL),
(707, 'l-_-llll', '2015-12-06 14:19:26', 'A11', NULL, NULL, NULL),
(708, 'l-_-llll', '2015-12-06 14:19:32', 'A11', NULL, NULL, NULL),
(709, 'l-_-llll', '2015-12-06 14:20:01', 'A11', NULL, NULL, NULL),
(710, 'l-_-llll', '2015-12-06 14:21:00', 'A04', 'F0016', 1, 'Successed'),
(711, 'l-_-llll', '2015-12-06 14:24:52', 'A05', 'F0011', 1, NULL),
(713, 'l-_-llll', '2015-12-06 14:25:10', 'A05', 'F0001', 4, NULL),
(714, 'l-_-llll', '2015-12-06 14:25:14', 'A05', 'F0002', 7, NULL),
(715, 'l-_-llll', '2015-12-06 14:25:18', 'A05', 'F0003', 8, NULL),
(716, 'l-_-llll', '2015-12-06 14:25:23', 'A05', 'F0004', 6, NULL),
(717, 'player', '2015-12-06 14:25:25', 'A11', NULL, NULL, NULL),
(718, 'l-_-llll', '2015-12-06 14:25:29', 'A05', 'F0005', 7, NULL),
(719, 'player', '2015-12-06 14:25:35', 'A03', NULL, NULL, NULL),
(720, 'l-_-llll', '2015-12-06 14:26:03', 'A11', NULL, NULL, NULL),
(721, 'l-_-llll', '2015-12-06 14:26:20', 'A11', NULL, NULL, NULL),
(722, 'Nagisachan', '2015-12-06 14:43:51', 'A02', NULL, NULL, NULL),
(723, 'Nagisachan', '2015-12-06 14:43:56', 'A11', NULL, NULL, NULL),
(724, 'Nagisachan', '2015-12-06 14:44:16', 'A05', 'F0001', 5, NULL),
(725, 'Nagisachan', '2015-12-06 14:44:18', 'A05', 'F0002', 5, NULL),
(726, 'Nagisachan', '2015-12-06 14:44:20', 'A05', 'F0003', 5, NULL),
(727, 'Nagisachan', '2015-12-06 14:44:25', 'A05', 'F0004', 5, NULL),
(728, 'Nagisachan', '2015-12-06 14:44:31', 'A05', 'F0005', 5, NULL),
(729, 'Nagisachan', '2015-12-06 14:44:34', 'A05', 'F0006', 5, NULL),
(730, 'Nagisachan', '2015-12-06 14:44:37', 'A05', 'F0011', 5, NULL),
(731, 'Nagisachan', '2015-12-06 14:44:42', 'A05', 'F0012', 5, NULL),
(732, 'Nagisachan', '2015-12-06 14:44:44', 'A05', 'F0014', 5, NULL),
(733, 'bobo1234', '2015-12-06 15:06:01', 'A02', NULL, NULL, NULL),
(734, 'bobo1234', '2015-12-06 15:07:33', 'A02', NULL, NULL, NULL),
(735, 'bobo1234', '2015-12-06 15:07:38', 'A11', NULL, NULL, NULL),
(736, 'bobo1234', '2015-12-06 15:08:28', 'A05', 'F0019', 100, NULL),
(737, 'bobo1234', '2015-12-06 15:08:53', 'A11', NULL, NULL, NULL),
(738, 'bobo1234', '2015-12-06 15:09:00', 'A11', NULL, NULL, NULL);
INSERT INTO `tb_user_log` (`userLogNo`, `userID`, `dateTime`, `actionCode`, `foodID`, `quantity`, `description`) VALUES
(739, 'bobo1234', '2015-12-06 15:09:03', 'A11', NULL, NULL, NULL),
(740, 'bobo1234', '2015-12-06 15:09:05', 'A11', NULL, NULL, NULL),
(741, 'bobo1234', '2015-12-06 15:09:08', 'A11', NULL, NULL, NULL),
(742, 'bobo1234', '2015-12-06 15:09:13', 'A11', NULL, NULL, NULL),
(743, 'bobo1234', '2015-12-06 15:09:48', 'A04', 'F0016', 1, 'Successed'),
(744, 'bobo1234', '2015-12-06 16:10:12', 'A02', NULL, NULL, NULL),
(745, 'bobo1234', '2015-12-06 16:10:20', 'A11', NULL, NULL, NULL),
(746, 'bobo1234', '2015-12-06 16:10:39', 'A03', NULL, NULL, NULL),
(747, '12345678', '2015-12-06 17:21:28', 'A02', NULL, NULL, NULL),
(748, 'gcm', '2015-12-06 23:57:23', 'A02', NULL, NULL, NULL),
(749, 'gcm', '2015-12-06 23:58:05', 'A03', NULL, NULL, NULL),
(750, 'player', '2015-12-06 23:58:15', 'A02', NULL, NULL, NULL),
(751, 'player', '2015-12-06 23:58:26', 'A11', NULL, NULL, NULL),
(752, 'player', '2015-12-06 23:59:02', 'A03', NULL, NULL, NULL),
(753, 'player', '2015-12-07 02:11:19', 'A02', NULL, NULL, NULL),
(754, 'player', '2015-12-07 02:14:09', 'A11', NULL, NULL, NULL),
(755, 'player', '2015-12-07 02:19:27', 'A03', NULL, NULL, NULL),
(756, 'gcm', '2015-12-07 02:19:47', 'A02', NULL, NULL, NULL),
(757, 'gcm', '2015-12-07 02:27:30', 'A10', NULL, NULL, 'F0026 à¸‚à¹‰à¸²à¸§à¸«à¸¡à¸¹à¸—à¸­à¸”'),
(758, 'gcm', '2015-12-07 02:34:43', 'A03', NULL, NULL, NULL),
(759, 'gcm', '2015-12-07 02:37:40', 'A02', NULL, NULL, NULL),
(760, 'gcm', '2015-12-07 02:40:19', 'A03', NULL, NULL, NULL),
(761, 'testuser', '2015-12-07 02:40:24', 'A02', NULL, NULL, NULL),
(762, 'testuser', '2015-12-07 02:40:33', 'A11', NULL, NULL, NULL),
(763, 'testuser', '2015-12-07 02:41:06', 'A03', NULL, NULL, NULL),
(764, 'gcm', '2015-12-07 02:41:11', 'A02', NULL, NULL, NULL),
(765, 'gcm', '2015-12-07 02:41:49', 'A03', NULL, NULL, NULL),
(766, 'gcm', '2015-12-07 02:41:54', 'A02', NULL, NULL, NULL),
(767, 'gcm', '2015-12-07 02:41:58', 'A03', NULL, NULL, NULL),
(768, 'testuser', '2015-12-07 02:42:05', 'A02', NULL, NULL, NULL),
(769, 'testuser', '2015-12-07 02:42:07', 'A11', NULL, NULL, NULL),
(770, 'testuser', '2015-12-07 02:42:39', 'A05', 'F0006', 50, NULL),
(771, 'testuser', '2015-12-07 02:43:51', 'A04', 'F0021', 1, 'Successed'),
(772, 'testuser', '2015-12-07 02:44:46', 'A03', NULL, NULL, NULL),
(773, 'player', '2015-12-07 02:44:56', 'A02', NULL, NULL, NULL),
(774, 'player', '2015-12-07 02:45:25', 'A11', NULL, NULL, NULL),
(775, 'player', '2015-12-07 02:45:32', 'A03', NULL, NULL, NULL),
(776, 'gcm', '2015-12-07 02:45:40', 'A02', NULL, NULL, NULL),
(777, 'gcm', '2015-12-07 02:46:16', 'A09', 'F0001', NULL, 'CoolDown = 45'),
(778, 'gcm', '2015-12-07 02:46:30', 'A09', 'F0002', NULL, 'CoolDown = 90'),
(779, 'gcm', '2015-12-07 02:46:39', 'A09', 'F0003', NULL, 'CoolDown = 90'),
(780, 'gcm', '2015-12-07 02:46:43', 'A09', 'F0004', NULL, 'CoolDown = 90'),
(781, 'gcm', '2015-12-07 02:46:48', 'A09', 'F0005', NULL, 'CoolDown = 90'),
(782, 'gcm', '2015-12-07 02:46:55', 'A09', 'F0006', NULL, 'CoolDown = 120'),
(783, 'gcm', '2015-12-07 02:47:00', 'A09', 'F0007', NULL, 'CoolDown = 120'),
(784, 'gcm', '2015-12-07 02:47:04', 'A09', 'F0008', NULL, 'CoolDown = 120'),
(785, 'gcm', '2015-12-07 02:47:10', 'A09', 'F0009', NULL, 'CoolDown = 240'),
(786, 'gcm', '2015-12-07 02:47:15', 'A09', 'F0010', NULL, 'CoolDown = 120'),
(787, 'gcm', '2015-12-07 02:47:19', 'A09', 'F0011', NULL, 'CoolDown = 240'),
(788, 'gcm', '2015-12-07 02:47:23', 'A09', 'F0012', NULL, 'CoolDown = 240'),
(789, 'gcm', '2015-12-07 02:47:27', 'A09', 'F0013', NULL, 'CoolDown = 300'),
(790, 'gcm', '2015-12-07 02:47:32', 'A09', 'F0014', NULL, 'CoolDown = 240'),
(791, 'gcm', '2015-12-07 02:47:38', 'A09', 'F0015', NULL, 'CoolDown = 120'),
(792, 'gcm', '2015-12-07 02:47:42', 'A09', 'F0016', NULL, 'CoolDown = 240'),
(793, 'gcm', '2015-12-07 02:47:51', 'A09', 'F0017', NULL, 'CoolDown = 240'),
(795, 'gcm', '2015-12-07 02:48:11', 'A09', 'F0019', NULL, 'CoolDown = 300'),
(796, 'gcm', '2015-12-07 02:48:15', 'A09', 'F0020', NULL, 'CoolDown = 300'),
(797, 'gcm', '2015-12-07 02:48:28', 'A09', 'F0021', NULL, 'CoolDown = 300'),
(798, 'gcm', '2015-12-07 02:48:29', 'A09', 'F0021', NULL, 'CoolDown = 90'),
(799, 'gcm', '2015-12-07 02:48:35', 'A09', 'F0022', NULL, 'CoolDown = 300'),
(800, 'gcm', '2015-12-07 02:48:41', 'A09', 'F0023', NULL, 'CoolDown = 240'),
(801, 'gcm', '2015-12-07 02:48:47', 'A09', 'F0024', NULL, 'CoolDown = 240'),
(802, 'gcm', '2015-12-07 02:48:51', 'A09', 'F0025', NULL, 'CoolDown = 120'),
(803, 'gcm', '2015-12-07 02:49:29', 'A10', NULL, NULL, 'F0018 à¸ªà¸•à¸­à¸£à¹Œà¹€à¸šà¸­à¸£à¸µà¹ˆ'),
(804, 'gcm', '2015-12-07 02:49:38', 'A03', NULL, NULL, NULL),
(805, 'testuser', '2015-12-07 02:49:44', 'A02', NULL, NULL, NULL),
(806, 'testuser', '2015-12-07 02:49:54', 'A03', NULL, NULL, NULL),
(807, 'player', '2015-12-07 02:49:59', 'A02', NULL, NULL, NULL),
(808, 'gcm', '2015-12-07 02:50:21', 'A02', NULL, NULL, NULL),
(809, 'gcm', '2015-12-07 02:50:24', 'A03', NULL, NULL, NULL),
(810, 'testuser', '2015-12-07 02:50:33', 'A02', NULL, NULL, NULL),
(811, 'testuser', '2015-12-07 02:50:36', 'A03', NULL, NULL, NULL),
(812, 'player', '2015-12-07 02:50:44', 'A03', NULL, NULL, NULL),
(813, 'player', '2015-12-07 02:51:20', 'A02', NULL, NULL, NULL),
(814, 'player', '2015-12-07 02:52:43', 'A11', NULL, NULL, NULL),
(815, 'player', '2015-12-07 02:53:12', 'A04', 'F0016', 1, 'Successed'),
(816, 'player', '2015-12-07 02:53:54', 'A06', 'F0022', 1, NULL),
(817, 'player', '2015-12-07 02:56:34', 'A03', NULL, NULL, NULL),
(818, 'database', '2015-12-07 03:10:36', 'A02', NULL, NULL, NULL),
(819, 'database', '2015-12-07 03:11:22', 'A06', 'F0001', 3, NULL),
(820, 'database', '2015-12-07 03:11:56', 'A06', 'F0002', 4, NULL),
(821, 'database', '2015-12-07 03:12:11', 'A05', 'F0002', 2, NULL),
(822, 'database', '2015-12-07 03:12:35', 'A11', NULL, NULL, NULL),
(823, 'database', '2015-12-07 03:13:00', 'A04', 'F0025', 1, 'Successed'),
(824, 'database', '2015-12-07 03:13:21', 'A04', 'F0007', 1, 'Successed'),
(825, 'database', '2015-12-07 03:13:28', 'A03', NULL, NULL, NULL),
(826, 'gcm', '2015-12-07 03:13:36', 'A02', NULL, NULL, NULL),
(827, 'gcm', '2015-12-07 03:14:51', 'A09', NULL, NULL, 'M10 Description = à¸à¸§à¸™'),
(828, 'gcm', '2015-12-07 03:19:37', 'A03', NULL, NULL, NULL),
(829, 'player', '2015-12-07 03:22:50', 'A02', NULL, NULL, NULL),
(830, 'player', '2015-12-07 03:26:07', 'A03', NULL, NULL, NULL),
(831, 'player', '2015-12-07 03:27:31', 'A02', NULL, NULL, NULL),
(832, 'player', '2015-12-07 03:27:34', 'A11', NULL, NULL, NULL),
(833, 'player', '2015-12-07 03:28:09', 'A03', NULL, NULL, NULL);

-- --------------------------------------------------------

--
-- Table structure for table `tb_user_role`
--

CREATE TABLE IF NOT EXISTS `tb_user_role` (
  `userRoleID` varchar(3) COLLATE utf8_unicode_ci NOT NULL,
  `userRoleName` varchar(15) COLLATE utf8_unicode_ci NOT NULL,
  PRIMARY KEY (`userRoleID`)
) ENGINE=InnoDB DEFAULT CHARSET=utf8 COLLATE=utf8_unicode_ci;

--
-- Dumping data for table `tb_user_role`
--

INSERT INTO `tb_user_role` (`userRoleID`, `userRoleName`) VALUES
('UR1', 'Admin'),
('UR2', 'GCM'),
('UR3', 'Player');

--
-- Constraints for dumped tables
--

--
-- Constraints for table `tb_admin_log`
--
ALTER TABLE `tb_admin_log`
  ADD CONSTRAINT `tb_admin_log_ibfk_1` FOREIGN KEY (`adminID`) REFERENCES `tb_user` (`userID`),
  ADD CONSTRAINT `tb_admin_log_ibfk_2` FOREIGN KEY (`actionCode`) REFERENCES `tb_action_log` (`actionCode`);

--
-- Constraints for table `tb_food`
--
ALTER TABLE `tb_food`
  ADD CONSTRAINT `tb_food_ibfk_1` FOREIGN KEY (`levelIngredientID`) REFERENCES `tb_level_ingredient` (`levelIngredientID`),
  ADD CONSTRAINT `tb_food_ibfk_2` FOREIGN KEY (`methodID`) REFERENCES `tb_method` (`methodID`);

--
-- Constraints for table `tb_ingredient`
--
ALTER TABLE `tb_ingredient`
  ADD CONSTRAINT `tb_ingredient_ibfk_1` FOREIGN KEY (`foodID`) REFERENCES `tb_food` (`foodID`),
  ADD CONSTRAINT `tb_ingredient_ibfk_2` FOREIGN KEY (`ingredientID`) REFERENCES `tb_food` (`foodID`);

--
-- Constraints for table `tb_player_information`
--
ALTER TABLE `tb_player_information`
  ADD CONSTRAINT `tb_player_information_ibfk_1` FOREIGN KEY (`playerID`) REFERENCES `tb_user` (`userID`);

--
-- Constraints for table `tb_player_store`
--
ALTER TABLE `tb_player_store`
  ADD CONSTRAINT `tb_player_store_ibfk_1` FOREIGN KEY (`playerID`) REFERENCES `tb_player_information` (`playerID`),
  ADD CONSTRAINT `tb_player_store_ibfk_2` FOREIGN KEY (`foodID`) REFERENCES `tb_food` (`foodID`);

--
-- Constraints for table `tb_user`
--
ALTER TABLE `tb_user`
  ADD CONSTRAINT `tb_user_ibfk_1` FOREIGN KEY (`userRoleID`) REFERENCES `tb_user_role` (`userRoleID`);

--
-- Constraints for table `tb_user_log`
--
ALTER TABLE `tb_user_log`
  ADD CONSTRAINT `tb_user_log_ibfk_1` FOREIGN KEY (`userID`) REFERENCES `tb_user` (`userID`),
  ADD CONSTRAINT `tb_user_log_ibfk_2` FOREIGN KEY (`actionCode`) REFERENCES `tb_action_log` (`actionCode`),
  ADD CONSTRAINT `tb_user_log_ibfk_3` FOREIGN KEY (`foodID`) REFERENCES `tb_food` (`foodID`);

/*!40101 SET CHARACTER_SET_CLIENT=@OLD_CHARACTER_SET_CLIENT */;
/*!40101 SET CHARACTER_SET_RESULTS=@OLD_CHARACTER_SET_RESULTS */;
/*!40101 SET COLLATION_CONNECTION=@OLD_COLLATION_CONNECTION */;
